Date,Region,Product,Salesperson,Units,UnitPrice,Revenue
2025-01-01,North,Monitor,Vikram Rao,4,11667,46668
2025-01-01,North,Monitor,Priya Singh,10,11906,119060
2025-01-02,North,Smartphone,Sneha Gupta,9,22224,200016
2025-01-02,South,Monitor,Karan Mehta,4,11939,47756
2025-01-03,North,Smartphone,Karan Mehta,6,21511,129066
2025-01-03,South,Tablet,Priya Singh,2,17783,35566
2025-01-03,East,Tablet,Vikram Rao,1,18413,18413
2025-01-03,North,Headphones,Priya Singh,9,3427,30843
2025-01-04,East,Smartwatch,Sneha Gupta,2,7636,15272
2025-01-04,South,Tablet,Priya Singh,4,18659,74636
2025-01-04,West,Tablet,Divya Nair,6,17392,104352
2025-01-04,East,Smartphone,Vikram Rao,2,22240,44480
2025-01-04,South,Smartwatch,Sneha Gupta,3,7969,23907
2025-01-04,East,Monitor,Sneha Gupta,6,12411,74466
2025-01-05,South,Laptop,Ananya Iyer,7,53722,376054
2025-01-05,South,Smartwatch,Ananya Iyer,4,8124,32496
2025-01-06,West,Smartphone,Vikram Rao,3,21442,64326
2025-01-06,East,Monitor,Karan Mehta,10,11879,118790
2025-01-06,South,Smartphone,Divya Nair,2,22562,45124
2025-01-06,North,Smartphone,Rahul Verma,7,22212,155484
2025-01-06,West,Headphones,Divya Nair,9,3412,30708
2025-01-07,North,Monitor,Priya Singh,9,12301,110709
2025-01-07,East,Laptop,Vikram Rao,7,53119,371833
2025-01-07,North,Monitor,Vikram Rao,9,12314,110826
2025-01-07,North,Monitor,Vikram Rao,9,12130,109170
2025-01-07,South,Tablet,Rahul Verma,9,18816,169344
2025-01-07,North,Smartwatch,Ananya Iyer,8,7615,60920
2025-01-08,East,Smartphone,Amit Sharma,4,22831,91324
2025-01-08,North,Laptop,Divya Nair,2,57628,115256
2025-01-08,South,Smartphone,Divya Nair,9,21263,191367
2025-01-08,West,Smartphone,Sneha Gupta,5,21777,108885
2025-01-09,West,Smartwatch,Divya Nair,2,7798,15596
2025-01-09,North,Tablet,Amit Sharma,10,18097,180970
2025-01-09,South,Laptop,Priya Singh,1,53509,53509
2025-01-09,North,Tablet,Priya Singh,9,17528,157752
2025-01-10,South,Smartwatch,Rahul Verma,10,8060,80600
2025-01-10,South,Headphones,Karan Mehta,4,3358,13432
2025-01-10,West,Tablet,Karan Mehta,7,17940,125580
2025-01-10,North,Monitor,Priya Singh,1,11883,11883
2025-01-10,East,Laptop,Sneha Gupta,4,53296,213184
2025-01-11,South,Headphones,Rahul Verma,5,3486,17430
2025-01-11,North,Headphones,Priya Singh,1,3553,3553
2025-01-11,North,Laptop,Sneha Gupta,3,54485,163455
2025-01-11,West,Smartphone,Karan Mehta,1,21262,21262
2025-01-11,North,Headphones,Vikram Rao,8,3424,27392
2025-01-12,West,Smartphone,Sneha Gupta,5,21378,106890
2025-01-12,North,Smartwatch,Amit Sharma,6,7645,45870
2025-01-12,West,Smartwatch,Rahul Verma,1,8368,8368
2025-01-12,North,Smartphone,Priya Singh,10,21049,210490
2025-01-12,South,Headphones,Priya Singh,10,3411,34110
2025-01-12,North,Smartwatch,Priya Singh,7,8125,56875
2025-01-13,East,Tablet,Sneha Gupta,6,17529,105174
2025-01-13,West,Smartphone,Vikram Rao,8,21595,172760
2025-01-13,North,Laptop,Divya Nair,10,57741,577410
2025-01-13,North,Laptop,Sneha Gupta,9,53708,483372
2025-01-13,East,Laptop,Sneha Gupta,6,53817,322902
2025-01-13,West,Smartwatch,Vikram Rao,10,8387,83870
2025-01-14,North,Monitor,Vikram Rao,2,12526,25052
2025-01-14,South,Tablet,Priya Singh,2,18436,36872
2025-01-14,South,Tablet,Vikram Rao,10,17479,174790
2025-01-14,East,Smartphone,Vikram Rao,9,21974,197766
2025-01-14,North,Laptop,Karan Mehta,5,52492,262460
2025-01-14,East,Smartphone,Vikram Rao,3,22530,67590
2025-01-15,West,Smartwatch,Amit Sharma,2,7660,15320
2025-01-15,South,Smartwatch,Amit Sharma,6,8066,48396
2025-01-15,South,Headphones,Rahul Verma,1,3432,3432
2025-01-15,North,Tablet,Sneha Gupta,4,18300,73200
2025-01-15,East,Smartwatch,Karan Mehta,10,8199,81990
2025-01-15,South,Smartphone,Rahul Verma,7,20954,146678
2025-01-16,West,Monitor,Sneha Gupta,5,11591,57955
2025-01-16,North,Headphones,Amit Sharma,8,3402,27216
2025-01-16,West,Tablet,Vikram Rao,4,17501,70004
2025-01-16,South,Headphones,Ananya Iyer,5,3627,18135
2025-01-17,East,Monitor,Karan Mehta,9,11797,106173
2025-01-17,North,Laptop,Vikram Rao,3,55443,166329
2025-01-17,East,Laptop,Priya Singh,10,54640,546400
2025-01-17,East,Headphones,Priya Singh,7,3639,25473
2025-01-18,East,Laptop,Karan Mehta,1,55109,55109
2025-01-18,South,Tablet,Karan Mehta,2,18807,37614
2025-01-18,East,Smartwatch,Ananya Iyer,2,8175,16350
2025-01-19,East,Monitor,Karan Mehta,6,11882,71292
2025-01-19,East,Smartwatch,Rahul Verma,4,7936,31744
2025-01-19,West,Monitor,Rahul Verma,10,12082,120820
2025-01-19,West,Smartwatch,Amit Sharma,5,7829,39145
2025-01-20,East,Headphones,Divya Nair,8,3561,28488
2025-01-20,West,Monitor,Rahul Verma,2,11740,23480
2025-01-20,East,Laptop,Sneha Gupta,5,53485,267425
2025-01-20,South,Smartphone,Amit Sharma,1,21438,21438
2025-01-20,West,Smartwatch,Priya Singh,8,7931,63448
2025-01-21,South,Monitor,Karan Mehta,8,11879,95032
2025-01-21,South,Monitor,Amit Sharma,2,12334,24668
2025-01-21,South,Smartphone,Divya Nair,1,22126,22126
2025-01-21,North,Headphones,Rahul Verma,8,3558,28464
2025-01-21,East,Headphones,Karan Mehta,9,3481,31329
2025-01-21,South,Monitor,Divya Nair,8,11711,93688
2025-01-22,East,Smartwatch,Divya Nair,4,7819,31276
2025-01-22,North,Monitor,Vikram Rao,4,11726,46904
2025-01-22,East,Smartwatch,Priya Singh,3,7720,23160
2025-01-23,South,Monitor,Sneha Gupta,2,11897,23794
2025-01-23,East,Smartwatch,Divya Nair,7,7649,53543
2025-01-23,West,Headphones,Amit Sharma,10,3458,34580
2025-01-23,North,Tablet,Vikram Rao,7,18636,130452
2025-01-23,West,Smartwatch,Sneha Gupta,8,7775,62200
2025-01-24,West,Laptop,Karan Mehta,6,55928,335568
2025-01-24,West,Monitor,Rahul Verma,8,12503,100024
2025-01-24,North,Headphones,Amit Sharma,2,3549,7098
2025-01-24,South,Headphones,Rahul Verma,1,3416,3416
2025-01-24,East,Smartphone,Divya Nair,6,21642,129852
2025-01-25,East,Headphones,Vikram Rao,2,3489,6978
2025-01-25,North,Tablet,Sneha Gupta,2,18506,37012
2025-01-25,North,Laptop,Sneha Gupta,4,56865,227460
2025-01-25,South,Smartphone,Rahul Verma,8,22372,178976
2025-01-25,South,Headphones,Vikram Rao,6,3383,20298
2025-01-26,North,Smartphone,Vikram Rao,2,22173,44346
2025-01-26,East,Smartwatch,Karan Mehta,7,8353,58471
2025-01-26,South,Laptop,Sneha Gupta,2,56084,112168
2025-01-26,East,Monitor,Priya Singh,10,12339,123390
2025-01-26,East,Smartwatch,Karan Mehta,6,7655,45930
2025-01-26,East,Laptop,Karan Mehta,8,52830,422640
2025-01-27,West,Monitor,Rahul Verma,7,11611,81277
2025-01-27,East,Smartwatch,Divya Nair,8,7948,63584
2025-01-27,East,Tablet,Sneha Gupta,2,17602,35204
2025-01-27,West,Smartphone,Divya Nair,10,22242,222420
2025-01-28,East,Laptop,Divya Nair,6,53250,319500
2025-01-28,South,Tablet,Vikram Rao,6,17603,105618
2025-01-28,East,Smartwatch,Amit Sharma,9,8358,75222
2025-01-28,North,Smartphone,Karan Mehta,8,22121,176968
2025-01-28,South,Monitor,Divya Nair,8,11937,95496
2025-01-29,North,Tablet,Sneha Gupta,7,18345,128415
2025-01-29,East,Monitor,Ananya Iyer,8,12064,96512
2025-01-30,West,Monitor,Ananya Iyer,6,12243,73458
2025-01-30,East,Tablet,Vikram Rao,4,17317,69268
2025-01-30,South,Tablet,Priya Singh,9,18811,169299
2025-01-30,South,Smartphone,Sneha Gupta,8,21508,172064
2025-01-31,East,Laptop,Sneha Gupta,5,53501,267505
2025-01-31,South,Tablet,Amit Sharma,9,17327,155943
2025-01-31,North,Laptop,Vikram Rao,3,55758,167274
2025-01-31,West,Laptop,Amit Sharma,10,53813,538130
2025-01-31,West,Headphones,Ananya Iyer,3,3662,10986
2025-01-31,East,Headphones,Priya Singh,2,3465,6930
2025-02-01,North,Smartphone,Rahul Verma,10,22988,229880
2025-02-01,North,Smartphone,Priya Singh,9,22581,203229
2025-02-02,South,Smartwatch,Karan Mehta,8,8326,66608
2025-02-02,East,Smartwatch,Karan Mehta,5,8054,40270
2025-02-02,North,Smartwatch,Priya Singh,4,8100,32400
2025-02-02,East,Monitor,Priya Singh,3,11687,35061
2025-02-02,North,Smartphone,Amit Sharma,7,21891,153237
2025-02-02,West,Tablet,Amit Sharma,4,17618,70472
2025-02-03,West,Laptop,Sneha Gupta,5,56583,282915
2025-02-03,South,Headphones,Priya Singh,9,3403,30627
2025-02-03,South,Tablet,Rahul Verma,2,17207,34414
2025-02-03,East,Smartwatch,Vikram Rao,8,7699,61592
2025-02-04,West,Tablet,Divya Nair,8,17244,137952
2025-02-04,North,Headphones,Ananya Iyer,10,3412,34120
2025-02-04,North,Smartphone,Amit Sharma,5,22167,110835
2025-02-04,South,Headphones,Divya Nair,5,3388,16940
2025-02-05,West,Monitor,Divya Nair,2,11964,23928
2025-02-05,West,Tablet,Ananya Iyer,2,18643,37286
2025-02-05,East,Headphones,Divya Nair,5,3556,17780
2025-02-05,West,Smartwatch,Amit Sharma,8,7670,61360
2025-02-05,East,Tablet,Priya Singh,7,18656,130592
2025-02-05,North,Monitor,Divya Nair,7,11465,80255
2025-02-06,East,Smartwatch,Divya Nair,8,8207,65656
2025-02-06,South,Tablet,Rahul Verma,5,17888,89440
2025-02-06,West,Laptop,Amit Sharma,10,56646,566460
2025-02-06,South,Tablet,Amit Sharma,9,17834,160506
2025-02-06,South,Laptop,Divya Nair,2,55812,111624
2025-02-06,South,Headphones,Vikram Rao,9,3571,32139
2025-02-07,West,Headphones,Sneha Gupta,8,3517,28136
2025-02-07,West,Smartphone,Rahul Verma,2,21507,43014
2025-02-07,West,Tablet,Vikram Rao,1,17609,17609
2025-02-07,East,Smartwatch,Divya Nair,3,7957,23871
2025-02-07,West,Tablet,Ananya Iyer,9,18473,166257
2025-02-08,West,Tablet,Sneha Gupta,4,18129,72516
2025-02-08,South,Headphones,Amit Sharma,6,3585,21510
2025-02-08,West,Headphones,Rahul Verma,8,3662,29296
2025-02-08,South,Smartwatch,Ananya Iyer,2,8299,16598
2025-02-08,West,Laptop,Divya Nair,1,56223,56223
2025-02-09,South,Laptop,Divya Nair,5,54112,270560
2025-02-09,West,Monitor,Priya Singh,6,12422,74532
2025-02-09,West,Tablet,Divya Nair,9,17164,154476
2025-02-09,North,Smartphone,Vikram Rao,4,22542,90168
2025-02-09,West,Laptop,Priya Singh,8,53165,425320
2025-02-10,North,Laptop,Ananya Iyer,1,53863,53863
2025-02-10,East,Headphones,Rahul Verma,4,3510,14040
2025-02-10,South,Smartphone,Rahul Verma,2,22240,44480
2025-02-10,West,Smartwatch,Sneha Gupta,8,8330,66640
2025-02-11,South,Headphones,Vikram Rao,8,3414,27312
2025-02-11,North,Headphones,Vikram Rao,9,3380,30420
2025-02-11,West,Tablet,Vikram Rao,7,18342,128394
2025-02-12,East,Smartphone,Karan Mehta,8,21134,169072
2025-02-12,West,Smartwatch,Ananya Iyer,10,7836,78360
2025-02-12,East,Laptop,Karan Mehta,5,52294,261470
2025-02-12,North,Smartwatch,Divya Nair,5,8220,41100
2025-02-12,South,Smartwatch,Ananya Iyer,4,8109,32436
2025-02-13,East,Monitor,Rahul Verma,2,12484,24968
2025-02-13,North,Tablet,Divya Nair,1,18143,18143
2025-02-13,South,Laptop,Vikram Rao,6,56361,338166
2025-02-13,South,Smartphone,Rahul Verma,9,22828,205452
2025-02-13,East,Smartwatch,Vikram Rao,3,7805,23415
2025-02-13,West,Tablet,Ananya Iyer,2,17942,35884
2025-02-14,South,Smartphone,Karan Mehta,9,21704,195336
2025-02-14,West,Laptop,Vikram Rao,9,52929,476361
2025-02-15,East,Smartwatch,Karan Mehta,6,7686,46116
2025-02-15,South,Headphones,Amit Sharma,10,3634,36340
2025-02-15,East,Smartwatch,Sneha Gupta,2,8108,16216
2025-02-15,West,Monitor,Vikram Rao,7,11540,80780
2025-02-16,North,Tablet,Divya Nair,2,17274,34548
2025-02-16,South,Headphones,Divya Nair,6,3559,21354
2025-02-17,West,Smartwatch,Rahul Verma,7,8123,56861
2025-02-17,West,Smartwatch,Karan Mehta,5,7626,38130
2025-02-17,East,Smartphone,Divya Nair,8,22991,183928
2025-02-17,East,Laptop,Ananya Iyer,9,57209,514881
2025-02-17,East,Laptop,Karan Mehta,5,53293,266465
2025-02-17,North,Headphones,Priya Singh,4,3549,14196
2025-02-18,North,Laptop,Ananya Iyer,4,57688,230752
2025-02-18,South,Laptop,Sneha Gupta,10,53437,534370
2025-02-18,South,Tablet,Rahul Verma,10,17105,171050
2025-02-18,South,Smartphone,Vikram Rao,3,21141,63423
2025-02-18,North,Smartphone,Amit Sharma,6,22637,135822
2025-02-18,South,Smartwatch,Ananya Iyer,1,7739,7739
2025-02-19,South,Monitor,Karan Mehta,9,11536,103824
2025-02-19,North,Headphones,Divya Nair,6,3504,21024
2025-02-20,West,Smartwatch,Sneha Gupta,10,7634,76340
2025-02-20,East,Headphones,Amit Sharma,1,3674,3674
2025-02-21,West,Monitor,Priya Singh,8,12254,98032
2025-02-21,West,Laptop,Priya Singh,6,55595,333570
2025-02-21,North,Smartphone,Vikram Rao,10,22292,222920
2025-02-21,East,Headphones,Vikram Rao,8,3501,28008
2025-02-21,West,Laptop,Priya Singh,9,56214,505926
2025-02-22,West,Headphones,Sneha Gupta,7,3443,24101
2025-02-22,West,Headphones,Karan Mehta,2,3434,6868
2025-02-22,East,Monitor,Vikram Rao,6,12544,75264
2025-02-23,North,Laptop,Priya Singh,2,54625,109250
2025-02-23,East,Smartphone,Amit Sharma,10,23004,230040
2025-02-23,East,Monitor,Priya Singh,7,11824,82768
2025-02-23,West,Monitor,Amit Sharma,5,12120,60600
2025-02-23,East,Laptop,Sneha Gupta,3,55862,167586
2025-02-24,North,Tablet,Ananya Iyer,2,18472,36944
2025-02-24,South,Headphones,Amit Sharma,10,3650,36500
2025-02-24,East,Laptop,Rahul Verma,5,56114,280570
2025-02-25,East,Tablet,Amit Sharma,3,18665,55995
2025-02-25,West,Laptop,Rahul Verma,1,52754,52754
2025-02-25,South,Headphones,Karan Mehta,8,3444,27552
2025-02-25,East,Tablet,Ananya Iyer,10,18173,181730
2025-02-26,South,Smartphone,Amit Sharma,2,21498,42996
2025-02-26,West,Headphones,Divya Nair,7,3420,23940
2025-02-27,North,Tablet,Karan Mehta,2,17609,35218
2025-02-27,West,Smartwatch,Vikram Rao,1,7776,7776
2025-02-27,North,Laptop,Sneha Gupta,5,57449,287245
2025-02-27,South,Tablet,Vikram Rao,6,17315,103890
2025-02-27,West,Monitor,Karan Mehta,3,11555,34665
2025-02-27,South,Smartwatch,Ananya Iyer,2,7917,15834
2025-02-28,West,Laptop,Divya Nair,2,56991,113982
2025-02-28,West,Smartwatch,Karan Mehta,7,7831,54817
2025-03-01,North,Tablet,Rahul Verma,10,17928,179280
2025-03-01,East,Laptop,Karan Mehta,2,53588,107176
2025-03-01,West,Smartwatch,Priya Singh,7,8296,58072
2025-03-01,East,Smartphone,Ananya Iyer,3,21068,63204
2025-03-01,North,Smartwatch,Sneha Gupta,6,7880,47280
2025-03-02,South,Laptop,Rahul Verma,5,53334,266670
2025-03-02,South,Monitor,Priya Singh,3,12541,37623
2025-03-02,West,Headphones,Divya Nair,10,3550,35500
2025-03-03,East,Monitor,Ananya Iyer,3,11927,35781
2025-03-03,West,Headphones,Vikram Rao,5,3531,17655
2025-03-03,East,Smartwatch,Priya Singh,5,7969,39845
2025-03-03,North,Laptop,Ananya Iyer,5,52672,263360
2025-03-03,North,Smartwatch,Karan Mehta,8,8064,64512
2025-03-03,North,Headphones,Sneha Gupta,6,3536,21216
2025-03-04,South,Laptop,Divya Nair,2,56710,113420
2025-03-04,East,Monitor,Priya Singh,9,12175,109575
2025-03-04,North,Smartphone,Divya Nair,8,22052,176416
2025-03-04,South,Tablet,Ananya Iyer,5,17797,88985
2025-03-04,East,Monitor,Amit Sharma,6,11479,68874
2025-03-04,North,Smartwatch,Karan Mehta,5,7801,39005
2025-03-05,South,Tablet,Priya Singh,10,18294,182940
2025-03-05,East,Tablet,Karan Mehta,3,18171,54513
2025-03-05,North,Tablet,Karan Mehta,6,18563,111378
2025-03-05,North,Monitor,Karan Mehta,9,11834,106506
2025-03-05,East,Tablet,Rahul Verma,4,17715,70860
2025-03-05,West,Smartphone,Sneha Gupta,3,21240,63720
2025-03-06,North,Smartwatch,Amit Sharma,6,8301,49806
2025-03-06,South,Smartwatch,Karan Mehta,3,7729,23187
2025-03-06,South,Monitor,Divya Nair,1,11893,11893
2025-03-06,South,Headphones,Vikram Rao,8,3406,27248
2025-03-07,East,Headphones,Sneha Gupta,6,3562,21372
2025-03-07,West,Headphones,Vikram Rao,7,3501,24507
2025-03-07,West,Smartphone,Sneha Gupta,10,21204,212040
2025-03-08,North,Monitor,Divya Nair,6,12065,72390
2025-03-08,North,Monitor,Priya Singh,5,11500,57500
2025-03-08,South,Tablet,Divya Nair,9,17365,156285
2025-03-08,West,Laptop,Sneha Gupta,8,57115,456920
2025-03-09,West,Laptop,Karan Mehta,9,54306,488754
2025-03-09,West,Laptop,Ananya Iyer,4,52405,209620
2025-03-10,East,Smartphone,Rahul Verma,1,21531,21531
2025-03-10,West,Monitor,Rahul Verma,8,11938,95504
2025-03-11,North,Laptop,Vikram Rao,4,56842,227368
2025-03-11,West,Laptop,Vikram Rao,4,53906,215624
2025-03-12,South,Headphones,Divya Nair,2,3363,6726
2025-03-12,West,Smartwatch,Amit Sharma,9,8060,72540
2025-03-13,East,Headphones,Amit Sharma,10,3448,34480
2025-03-13,West,Smartphone,Priya Singh,9,23044,207396
2025-03-13,North,Smartwatch,Amit Sharma,7,8298,58086
2025-03-14,West,Tablet,Vikram Rao,1,17742,17742
2025-03-14,North,Tablet,Sneha Gupta,2,18488,36976
2025-03-15,South,Laptop,Ananya Iyer,9,54112,487008
2025-03-15,South,Monitor,Divya Nair,8,12158,97264
2025-03-15,South,Laptop,Divya Nair,1,53863,53863
2025-03-15,North,Smartphone,Amit Sharma,6,22953,137718
2025-03-16,West,Smartwatch,Divya Nair,5,7629,38145
2025-03-16,South,Tablet,Ananya Iyer,1,18658,18658
2025-03-16,East,Tablet,Priya Singh,6,17886,107316
2025-03-16,West,Monitor,Divya Nair,7,11806,82642
2025-03-16,South,Headphones,Divya Nair,6,3648,21888
2025-03-16,East,Laptop,Karan Mehta,2,54618,109236
2025-03-17,East,Tablet,Priya Singh,2,17690,35380
2025-03-17,East,Tablet,Divya Nair,10,18391,183910
2025-03-17,South,Monitor,Divya Nair,6,11936,71616
2025-03-18,West,Tablet,Amit Sharma,2,18308,36616
2025-03-18,West,Tablet,Rahul Verma,1,17357,17357
2025-03-18,West,Laptop,Rahul Verma,2,53547,107094
2025-03-18,East,Tablet,Karan Mehta,10,17158,171580
2025-03-19,West,Tablet,Ananya Iyer,8,18473,147784
2025-03-19,South,Smartwatch,Ananya Iyer,7,7851,54957
2025-03-19,East,Smartphone,Priya Singh,1,22518,22518
2025-03-20,West,Smartwatch,Priya Singh,5,8219,41095
2025-03-20,West,Smartphone,Vikram Rao,8,21340,170720
2025-03-20,South,Laptop,Divya Nair,3,57192,171576
2025-03-20,West,Laptop,Ananya Iyer,6,56152,336912
2025-03-20,East,Tablet,Rahul Verma,3,18528,55584
2025-03-21,South,Laptop,Sneha Gupta,3,53552,160656
2025-03-21,West,Laptop,Ananya Iyer,9,55397,498573
2025-03-21,West,Smartwatch,Rahul Verma,10,8307,83070
2025-03-21,North,Tablet,Karan Mehta,8,18046,144368
2025-03-21,West,Smartwatch,Priya Singh,3,8377,25131
2025-03-21,North,Headphones,Divya Nair,9,3445,31005
2025-03-22,South,Smartphone,Karan Mehta,9,22903,206127
2025-03-22,North,Laptop,Rahul Verma,5,53155,265775
2025-03-22,East,Monitor,Sneha Gupta,6,12536,75216
2025-03-22,East,Laptop,Vikram Rao,4,55742,222968
2025-03-22,East,Smartphone,Vikram Rao,10,22073,220730
2025-03-22,South,Smartwatch,Rahul Verma,3,8126,24378
2025-03-23,East,Smartwatch,Amit Sharma,1,7664,7664
2025-03-23,East,Monitor,Sneha Gupta,10,11899,118990
2025-03-23,North,Headphones,Vikram Rao,5,3494,17470
2025-03-23,West,Tablet,Divya Nair,2,18339,36678
2025-03-23,South,Headphones,Karan Mehta,8,3487,27896
2025-03-23,East,Smartwatch,Rahul Verma,6,8289,49734
2025-03-24,East,Headphones,Rahul Verma,6,3505,21030
2025-03-24,North,Tablet,Sneha Gupta,8,17320,138560
2025-03-24,West,Smartphone,Rahul Verma,2,21011,42022
2025-03-24,West,Smartwatch,Karan Mehta,4,8370,33480
2025-03-25,East,Smartwatch,Ananya Iyer,4,8210,32840
2025-03-25,West,Smartwatch,Divya Nair,8,8303,66424
2025-03-25,West,Laptop,Priya Singh,7,55029,385203
2025-03-26,South,Smartwatch,Ananya Iyer,1,7640,7640
2025-03-26,West,Smartwatch,Divya Nair,5,8029,40145
2025-03-26,North,Headphones,Rahul Verma,5,3579,17895
2025-03-27,East,Laptop,Karan Mehta,1,55386,55386
2025-03-27,South,Tablet,Vikram Rao,2,17795,35590
2025-03-27,West,Smartwatch,Vikram Rao,10,8144,81440
2025-03-27,North,Smartphone,Priya Singh,7,21721,152047
2025-03-27,East,Smartwatch,Ananya Iyer,3,7759,23277
2025-03-28,West,Smartwatch,Amit Sharma,1,7631,7631
2025-03-28,East,Headphones,Divya Nair,3,3537,10611
2025-03-28,South,Tablet,Ananya Iyer,3,17807,53421
2025-03-28,East,Smartwatch,Ananya Iyer,9,8262,74358
2025-03-28,West,Monitor,Vikram Rao,8,12378,99024
2025-03-28,East,Tablet,Priya Singh,7,18150,127050
2025-03-29,West,Tablet,Sneha Gupta,1,18150,18150
2025-03-29,South,Smartwatch,Karan Mehta,3,8257,24771
2025-03-30,North,Smartwatch,Priya Singh,4,7615,30460
2025-03-30,East,Headphones,Rahul Verma,7,3566,24962
2025-03-30,West,Smartwatch,Divya Nair,1,8164,8164
2025-03-31,South,Smartwatch,Ananya Iyer,8,8020,64160
2025-03-31,East,Smartphone,Divya Nair,9,21653,194877
2025-03-31,East,Monitor,Vikram Rao,10,11981,119810
2025-03-31,South,Tablet,Vikram Rao,4,18794,75176
2025-03-31,East,Tablet,Sneha Gupta,8,17670,141360
2025-03-31,East,Smartwatch,Vikram Rao,5,7697,38485
2025-04-01,West,Headphones,Ananya Iyer,3,3426,10278
2025-04-01,East,Monitor,Priya Singh,6,12508,75048
2025-04-01,East,Monitor,Divya Nair,4,11642,46568
2025-04-01,East,Smartwatch,Vikram Rao,3,7687,23061
2025-04-01,South,Smartphone,Amit Sharma,9,21396,192564
2025-04-01,South,Laptop,Priya Singh,7,54066,378462
2025-04-02,North,Monitor,Rahul Verma,1,12557,12557
2025-04-02,South,Headphones,Divya Nair,8,3552,28416
2025-04-02,East,Tablet,Vikram Rao,1,18734,18734
2025-04-02,North,Monitor,Sneha Gupta,9,12286,110574
2025-04-02,North,Smartphone,Karan Mehta,3,22954,68862
2025-04-03,West,Headphones,Rahul Verma,5,3631,18155
2025-04-03,North,Tablet,Priya Singh,6,17612,105672
2025-04-04,West,Smartphone,Divya Nair,5,21324,106620
2025-04-04,North,Tablet,Rahul Verma,8,18266,146128
2025-04-04,South,Laptop,Ananya Iyer,5,55372,276860
2025-04-04,South,Smartphone,Karan Mehta,7,22033,154231
2025-04-04,North,Headphones,Priya Singh,3,3668,11004
2025-04-04,West,Tablet,Sneha Gupta,1,17569,17569
2025-04-05,West,Tablet,Ananya Iyer,5,18148,90740
2025-04-05,North,Tablet,Ananya Iyer,4,17211,68844
2025-04-05,North,Headphones,Vikram Rao,3,3466,10398
2025-04-06,East,Monitor,Priya Singh,5,11841,59205
2025-04-06,South,Smartphone,Rahul Verma,8,21237,169896
2025-04-06,East,Headphones,Divya Nair,9,3605,32445
2025-04-06,South,Smartphone,Priya Singh,9,21882,196938
2025-04-06,East,Laptop,Priya Singh,1,56808,56808
2025-04-06,South,Smartwatch,Rahul Verma,3,7862,23586
2025-04-07,West,Laptop,Sneha Gupta,10,54938,549380
2025-04-07,West,Laptop,Divya Nair,3,55072,165216
2025-04-07,West,Smartwatch,Amit Sharma,9,7969,71721
2025-04-07,East,Monitor,Amit Sharma,7,11705,81935
2025-04-07,North,Monitor,Sneha Gupta,10,11487,114870
2025-04-07,West,Tablet,Priya Singh,9,18889,170001
2025-04-08,West,Laptop,Vikram Rao,7,53239,372673
2025-04-08,South,Monitor,Karan Mehta,6,12591,75546
2025-04-09,West,Headphones,Karan Mehta,2,3563,7126
2025-04-09,South,Monitor,Ananya Iyer,2,11614,23228
2025-04-09,West,Smartwatch,Rahul Verma,4,8267,33068
2025-04-09,North,Tablet,Divya Nair,9,17863,160767
2025-04-09,West,Smartphone,Sneha Gupta,8,21661,173288
2025-04-10,South,Monitor,Priya Singh,1,12371,12371
2025-04-10,West,Smartwatch,Amit Sharma,4,7764,31056
2025-04-10,North,Smartwatch,Amit Sharma,8,8078,64624
2025-04-10,North,Smartphone,Amit Sharma,7,21865,153055
2025-04-11,South,Laptop,Rahul Verma,9,57714,519426
2025-04-11,South,Monitor,Ananya Iyer,10,12117,121170
2025-04-11,East,Smartphone,Vikram Rao,3,23068,69204
2025-04-11,South,Headphones,Vikram Rao,5,3346,16730
2025-04-11,South,Monitor,Karan Mehta,9,11994,107946
2025-04-11,East,Monitor,Karan Mehta,9,11782,106038
2025-04-12,West,Smartphone,Vikram Rao,7,21304,149128
2025-04-12,West,Smartphone,Sneha Gupta,5,22786,113930
2025-04-12,South,Headphones,Amit Sharma,9,3469,31221
2025-04-12,West,Smartwatch,Rahul Verma,7,7794,54558
2025-04-12,South,Tablet,Priya Singh,8,18624,148992
2025-04-13,South,Laptop,Vikram Rao,7,55955,391685
2025-04-13,North,Laptop,Sneha Gupta,10,56233,562330
2025-04-14,South,Headphones,Sneha Gupta,6,3431,20586
2025-04-14,North,Smartphone,Sneha Gupta,2,22543,45086
2025-04-14,West,Smartphone,Sneha Gupta,7,22913,160391
2025-04-14,East,Tablet,Karan Mehta,8,18060,144480
2025-04-14,East,Tablet,Vikram Rao,6,18023,108138
2025-04-14,West,Headphones,Priya Singh,8,3591,28728
2025-04-15,South,Tablet,Ananya Iyer,7,17182,120274
2025-04-15,South,Monitor,Rahul Verma,1,11712,11712
2025-04-15,West,Tablet,Rahul Verma,4,17693,70772
2025-04-15,West,Smartwatch,Sneha Gupta,8,8040,64320
2025-04-16,East,Headphones,Divya Nair,8,3383,27064
2025-04-16,East,Smartphone,Rahul Verma,9,21974,197766
2025-04-16,North,Smartwatch,Amit Sharma,2,8356,16712
2025-04-16,North,Laptop,Karan Mehta,3,56883,170649
2025-04-17,North,Monitor,Rahul Verma,1,11662,11662
2025-04-17,West,Tablet,Amit Sharma,10,18247,182470
2025-04-17,West,Monitor,Divya Nair,1,11407,11407
2025-04-18,West,Laptop,Amit Sharma,9,56222,505998
2025-04-18,East,Laptop,Karan Mehta,3,52838,158514
2025-04-18,North,Smartwatch,Rahul Verma,4,7753,31012
2025-04-18,East,Tablet,Vikram Rao,7,17242,120694
2025-04-18,West,Headphones,Sneha Gupta,4,3429,13716
2025-04-18,North,Monitor,Amit Sharma,2,11886,23772
2025-04-19,West,Laptop,Amit Sharma,3,52704,158112
2025-04-19,West,Monitor,Ananya Iyer,10,12572,125720
2025-04-19,North,Smartwatch,Amit Sharma,4,7769,31076
2025-04-19,West,Tablet,Amit Sharma,2,18331,36662
2025-04-19,East,Smartwatch,Amit Sharma,3,8343,25029
2025-04-20,North,Smartphone,Rahul Verma,7,22943,160601
2025-04-20,East,Smartphone,Sneha Gupta,10,22736,227360
2025-04-20,West,Monitor,Ananya Iyer,7,12306,86142
2025-04-20,South,Monitor,Priya Singh,9,12294,110646
2025-04-21,North,Laptop,Karan Mehta,4,56862,227448
2025-04-21,East,Smartwatch,Karan Mehta,6,7623,45738
2025-04-21,East,Headphones,Divya Nair,4,3449,13796
2025-04-21,West,Headphones,Rahul Verma,10,3556,35560
2025-04-22,East,Smartphone,Priya Singh,2,21489,42978
2025-04-22,West,Monitor,Rahul Verma,7,11780,82460
2025-04-23,North,Laptop,Vikram Rao,8,54229,433832
2025-04-23,East,Laptop,Rahul Verma,2,53280,106560
2025-04-24,West,Laptop,Amit Sharma,2,54196,108392
2025-04-24,North,Smartwatch,Ananya Iyer,7,7609,53263
2025-04-24,West,Headphones,Priya Singh,9,3641,32769
2025-04-24,South,Smartwatch,Rahul Verma,7,7735,54145
2025-04-24,East,Tablet,Vikram Rao,8,17362,138896
2025-04-25,West,Tablet,Karan Mehta,5,17971,89855
2025-04-25,North,Tablet,Vikram Rao,4,18397,73588
2025-04-25,West,Smartwatch,Sneha Gupta,8,7685,61480
2025-04-26,North,Headphones,Ananya Iyer,10,3457,34570
2025-04-26,East,Headphones,Ananya Iyer,7,3610,25270
2025-04-26,South,Tablet,Ananya Iyer,10,18805,188050
2025-04-26,South,Headphones,Ananya Iyer,3,3662,10986
2025-04-27,East,Monitor,Divya Nair,10,12338,123380
2025-04-27,East,Headphones,Vikram Rao,7,3452,24164
2025-04-27,South,Smartwatch,Rahul Verma,9,7621,68589
2025-04-27,West,Monitor,Sneha Gupta,8,12357,98856
2025-04-28,West,Monitor,Divya Nair,3,12160,36480
2025-04-28,South,Tablet,Rahul Verma,7,18520,129640
2025-04-29,West,Smartwatch,Divya Nair,10,7920,79200
2025-04-29,West,Smartwatch,Amit Sharma,6,8161,48966
2025-04-30,North,Laptop,Sneha Gupta,6,53164,318984
2025-04-30,North,Smartwatch,Karan Mehta,6,8372,50232
2025-04-30,West,Laptop,Amit Sharma,2,53673,107346
2025-04-30,South,Headphones,Ananya Iyer,7,3487,24409
2025-04-30,South,Tablet,Amit Sharma,8,17288,138304
2025-04-30,West,Laptop,Priya Singh,3,54165,162495
2025-05-01,West,Smartphone,Divya Nair,6,21947,131682
2025-05-01,West,Monitor,Divya Nair,6,11480,68880
2025-05-01,North,Monitor,Priya Singh,1,12419,12419
2025-05-01,North,Monitor,Rahul Verma,4,12019,48076
2025-05-02,South,Tablet,Karan Mehta,8,17517,140136
2025-05-02,West,Monitor,Rahul Verma,3,12168,36504
2025-05-02,West,Headphones,Amit Sharma,10,3634,36340
2025-05-02,West,Smartwatch,Karan Mehta,7,7603,53221
2025-05-02,South,Smartphone,Vikram Rao,2,22170,44340
2025-05-02,South,Tablet,Ananya Iyer,4,17923,71692
2025-05-03,West,Smartwatch,Ananya Iyer,10,7910,79100
2025-05-03,West,Smartwatch,Priya Singh,6,7881,47286
2025-05-03,West,Smartwatch,Rahul Verma,5,8334,41670
2025-05-03,North,Monitor,Rahul Verma,6,11541,69246
2025-05-04,North,Smartphone,Ananya Iyer,3,22023,66069
2025-05-04,West,Smartwatch,Rahul Verma,10,7906,79060
2025-05-04,South,Headphones,Rahul Verma,9,3383,30447
2025-05-04,East,Smartphone,Rahul Verma,6,22752,136512
2025-05-05,North,Tablet,Amit Sharma,8,17345,138760
2025-05-05,West,Smartwatch,Divya Nair,7,8147,57029
2025-05-05,West,Monitor,Divya Nair,8,11600,92800
2025-05-05,North,Smartphone,Vikram Rao,1,21504,21504
2025-05-05,East,Smartphone,Divya Nair,10,22533,225330
2025-05-05,West,Smartwatch,Priya Singh,10,7691,76910
2025-05-06,East,Smartwatch,Amit Sharma,8,8037,64296
2025-05-06,West,Laptop,Sneha Gupta,5,57061,285305
2025-05-06,North,Headphones,Vikram Rao,6,3626,21756
2025-05-06,North,Headphones,Priya Singh,4,3398,13592
2025-05-06,East,Monitor,Karan Mehta,3,12139,36417
2025-05-06,South,Smartphone,Amit Sharma,10,21671,216710
2025-05-07,South,Tablet,Vikram Rao,5,18130,90650
2025-05-07,North,Smartphone,Karan Mehta,1,23083,23083
2025-05-07,South,Monitor,Rahul Verma,4,11575,46300
2025-05-07,East,Smartphone,Karan Mehta,8,21212,169696
2025-05-08,West,Headphones,Divya Nair,2,3546,7092
2025-05-08,North,Headphones,Vikram Rao,6,3484,20904
2025-05-08,West,Tablet,Amit Sharma,2,18415,36830
2025-05-08,West,Monitor,Ananya Iyer,2,12354,24708
2025-05-09,South,Headphones,Sneha Gupta,8,3418,27344
2025-05-09,East,Tablet,Rahul Verma,10,18634,186340
2025-05-09,East,Monitor,Amit Sharma,1,11519,11519
2025-05-09,West,Laptop,Priya Singh,3,54677,164031
2025-05-09,North,Headphones,Sneha Gupta,3,3633,10899
2025-05-10,South,Tablet,Priya Singh,6,17550,105300
2025-05-10,East,Monitor,Rahul Verma,1,11875,11875
2025-05-10,East,Monitor,Sneha Gupta,7,12186,85302
2025-05-10,North,Laptop,Sneha Gupta,8,52678,421424
2025-05-11,South,Smartwatch,Divya Nair,1,7606,7606
2025-05-11,East,Laptop,Karan Mehta,3,54877,164631
2025-05-11,South,Headphones,Priya Singh,2,3361,6722
2025-05-11,East,Tablet,Rahul Verma,7,18492,129444
2025-05-11,South,Monitor,Rahul Verma,2,12036,24072
2025-05-11,North,Smartwatch,Rahul Verma,8,7880,63040
2025-05-12,South,Headphones,Divya Nair,4,3355,13420
2025-05-12,North,Smartphone,Priya Singh,10,22506,225060
2025-05-12,East,Headphones,Ananya Iyer,3,3411,10233
2025-05-13,South,Smartwatch,Vikram Rao,1,8278,8278
2025-05-13,East,Smartphone,Sneha Gupta,7,21550,150850
2025-05-14,South,Headphones,Karan Mehta,2,3409,6818
2025-05-14,North,Smartwatch,Amit Sharma,6,8347,50082
2025-05-15,West,Smartwatch,Karan Mehta,6,8037,48222
2025-05-15,South,Headphones,Priya Singh,1,3530,3530
2025-05-15,North,Tablet,Sneha Gupta,1,18760,18760
2025-05-16,East,Monitor,Karan Mehta,7,12242,85694
2025-05-16,North,Monitor,Rahul Verma,5,11500,57500
2025-05-16,North,Smartwatch,Sneha Gupta,3,8029,24087
2025-05-16,West,Smartwatch,Priya Singh,5,8158,40790
2025-05-16,South,Laptop,Sneha Gupta,2,57335,114670
2025-05-17,West,Smartwatch,Amit Sharma,5,8132,40660
2025-05-17,South,Laptop,Amit Sharma,3,56108,168324
2025-05-18,West,Tablet,Vikram Rao,3,17769,53307
2025-05-18,East,Monitor,Priya Singh,1,11802,11802
2025-05-18,West,Tablet,Priya Singh,5,18382,91910
2025-05-19,North,Headphones,Divya Nair,9,3451,31059
2025-05-19,West,Smartwatch,Rahul Verma,6,7725,46350
2025-05-19,North,Smartwatch,Priya Singh,4,8192,32768
2025-05-19,North,Laptop,Amit Sharma,4,52502,210008
2025-05-19,East,Headphones,Rahul Verma,3,3650,10950
2025-05-19,North,Smartwatch,Karan Mehta,4,7857,31428
2025-05-20,East,Tablet,Priya Singh,10,17771,177710
2025-05-20,North,Smartphone,Sneha Gupta,9,23059,207531
2025-05-20,West,Laptop,Divya Nair,5,56504,282520
2025-05-20,East,Tablet,Priya Singh,9,17922,161298
2025-05-20,East,Smartphone,Vikram Rao,10,22625,226250
2025-05-21,South,Headphones,Ananya Iyer,10,3665,36650
2025-05-21,South,Monitor,Sneha Gupta,3,11407,34221
2025-05-21,West,Laptop,Sneha Gupta,9,54155,487395
2025-05-21,North,Tablet,Amit Sharma,7,18628,130396
2025-05-21,East,Laptop,Sneha Gupta,9,57657,518913
2025-05-21,West,Headphones,Amit Sharma,3,3574,10722
2025-05-22,North,Smartphone,Karan Mehta,6,21908,131448
2025-05-22,North,Smartwatch,Priya Singh,9,7706,69354
2025-05-23,North,Smartwatch,Amit Sharma,7,8129,56903
2025-05-23,South,Smartphone,Vikram Rao,5,22772,113860
2025-05-23,West,Monitor,Ananya Iyer,6,11943,71658
2025-05-23,South,Laptop,Sneha Gupta,3,56539,169617
2025-05-23,North,Smartphone,Priya Singh,3,21889,65667
2025-05-24,West,Laptop,Ananya Iyer,4,54735,218940
2025-05-24,West,Tablet,Priya Singh,2,17383,34766
2025-05-24,East,Monitor,Amit Sharma,4,12403,49612
2025-05-24,East,Smartphone,Priya Singh,4,23030,92120
2025-05-25,North,Monitor,Vikram Rao,5,12384,61920
2025-05-25,South,Laptop,Karan Mehta,8,55307,442456
2025-05-25,South,Laptop,Divya Nair,2,56671,113342
2025-05-25,South,Laptop,Amit Sharma,1,56817,56817
2025-05-25,South,Smartphone,Sneha Gupta,7,21718,152026
2025-05-26,East,Laptop,Amit Sharma,2,53337,106674
2025-05-26,West,Smartphone,Priya Singh,6,21169,127014
2025-05-27,North,Smartphone,Karan Mehta,7,21991,153937
2025-05-27,West,Monitor,Karan Mehta,3,11824,35472
2025-05-27,South,Tablet,Vikram Rao,8,18690,149520
2025-05-27,North,Smartwatch,Sneha Gupta,5,7999,39995
2025-05-27,West,Laptop,Priya Singh,5,54356,271780
2025-05-28,South,Monitor,Sneha Gupta,9,12353,111177
2025-05-28,West,Monitor,Ananya Iyer,8,12053,96424
2025-05-28,West,Tablet,Ananya Iyer,7,17586,123102
2025-05-28,North,Tablet,Sneha Gupta,1,18712,18712
2025-05-28,East,Laptop,Divya Nair,9,54215,487935
2025-05-29,South,Smartphone,Priya Singh,4,22345,89380
2025-05-29,East,Smartwatch,Amit Sharma,4,8060,32240
2025-05-29,West,Tablet,Rahul Verma,3,17525,52575
2025-05-29,East,Monitor,Ananya Iyer,10,11433,114330
2025-05-29,East,Smartwatch,Rahul Verma,10,8358,83580
2025-05-29,West,Smartwatch,Vikram Rao,3,7992,23976
2025-05-30,North,Smartphone,Sneha Gupta,1,22058,22058
2025-05-30,North,Tablet,Sneha Gupta,3,17713,53139
2025-05-31,East,Laptop,Amit Sharma,3,55476,166428
2025-05-31,South,Laptop,Ananya Iyer,2,54304,108608
2025-05-31,West,Smartwatch,Priya Singh,6,7841,47046
2025-06-01,South,Monitor,Karan Mehta,8,12179,97432
2025-06-01,South,Monitor,Ananya Iyer,4,12198,48792
2025-06-01,South,Headphones,Vikram Rao,5,3369,16845
2025-06-02,West,Smartwatch,Amit Sharma,3,8081,24243
2025-06-02,South,Monitor,Priya Singh,8,11568,92544
2025-06-03,South,Tablet,Ananya Iyer,3,18245,54735
2025-06-03,North,Monitor,Ananya Iyer,8,11413,91304
2025-06-04,South,Monitor,Priya Singh,6,11707,70242
2025-06-04,North,Monitor,Amit Sharma,1,11863,11863
2025-06-04,West,Smartphone,Karan Mehta,8,22839,182712
2025-06-05,West,Laptop,Divya Nair,10,55830,558300
2025-06-05,South,Smartphone,Divya Nair,2,22658,45316
2025-06-05,North,Tablet,Amit Sharma,6,17570,105420
2025-06-05,North,Laptop,Ananya Iyer,3,57133,171399
2025-06-06,North,Smartwatch,Priya Singh,6,8075,48450
2025-06-06,West,Monitor,Amit Sharma,7,12530,87710
2025-06-06,South,Smartwatch,Karan Mehta,3,7642,22926
2025-06-07,South,Smartphone,Karan Mehta,9,22488,202392
2025-06-07,East,Monitor,Vikram Rao,5,11685,58425
2025-06-07,North,Headphones,Divya Nair,3,3344,10032
2025-06-07,North,Headphones,Priya Singh,5,3613,18065
2025-06-08,West,Smartphone,Priya Singh,1,21355,21355
2025-06-08,East,Laptop,Divya Nair,2,53945,107890
2025-06-08,West,Headphones,Divya Nair,5,3356,16780
2025-06-08,West,Smartphone,Ananya Iyer,7,21712,151984
2025-06-08,West,Laptop,Vikram Rao,8,54807,438456
2025-06-08,South,Tablet,Amit Sharma,3,18454,55362
2025-06-09,North,Monitor,Ananya Iyer,9,11896,107064
2025-06-09,South,Smartwatch,Amit Sharma,7,8254,57778
2025-06-10,West,Smartwatch,Sneha Gupta,8,7839,62712
2025-06-10,West,Monitor,Amit Sharma,9,12085,108765
2025-06-10,South,Laptop,Divya Nair,3,57469,172407
2025-06-10,South,Smartphone,Sneha Gupta,3,20993,62979
2025-06-10,North,Monitor,Karan Mehta,4,12596,50384
2025-06-11,East,Tablet,Priya Singh,2,17798,35596
2025-06-11,West,Smartwatch,Ananya Iyer,5,8015,40075
2025-06-11,North,Monitor,Karan Mehta,2,11897,23794
2025-06-12,North,Laptop,Priya Singh,5,57021,285105
2025-06-12,East,Headphones,Vikram Rao,7,3554,24878
2025-06-12,West,Laptop,Rahul Verma,5,54466,272330
2025-06-13,West,Laptop,Karan Mehta,6,56047,336282
2025-06-13,North,Monitor,Divya Nair,5,12476,62380
2025-06-13,North,Tablet,Vikram Rao,5,17604,88020
2025-06-13,West,Monitor,Priya Singh,4,11561,46244
2025-06-13,West,Tablet,Vikram Rao,7,18188,127316
2025-06-13,North,Smartphone,Divya Nair,4,22909,91636
2025-06-14,West,Smartwatch,Ananya Iyer,1,8012,8012
2025-06-14,South,Laptop,Vikram Rao,9,54468,490212
2025-06-14,North,Smartphone,Sneha Gupta,4,22741,90964
2025-06-14,South,Laptop,Divya Nair,1,57299,57299
2025-06-14,South,Tablet,Ananya Iyer,8,18009,144072
2025-06-15,North,Smartphone,Ananya Iyer,8,22206,177648
2025-06-15,South,Headphones,Ananya Iyer,6,3382,20292
2025-06-16,North,Tablet,Amit Sharma,7,17189,120323
2025-06-16,South,Smartphone,Sneha Gupta,4,21491,85964
2025-06-16,West,Smartwatch,Amit Sharma,1,7979,7979
2025-06-16,South,Monitor,Rahul Verma,10,12361,123610
2025-06-17,East,Smartwatch,Vikram Rao,5,7939,39695
2025-06-17,West,Tablet,Divya Nair,5,17492,87460
2025-06-17,East,Monitor,Karan Mehta,10,11522,115220
2025-06-18,East,Smartwatch,Vikram Rao,5,8147,40735
2025-06-18,West,Laptop,Ananya Iyer,5,55773,278865
2025-06-18,East,Tablet,Vikram Rao,4,17369,69476
2025-06-18,South,Laptop,Karan Mehta,6,55994,335964
2025-06-18,North,Monitor,Divya Nair,5,11711,58555
2025-06-18,West,Headphones,Karan Mehta,1,3529,3529
2025-06-19,South,Tablet,Sneha Gupta,9,18248,164232
2025-06-19,West,Monitor,Ananya Iyer,9,11760,105840
2025-06-19,South,Monitor,Rahul Verma,5,11517,57585
2025-06-19,South,Monitor,Vikram Rao,9,12315,110835
2025-06-19,South,Monitor,Ananya Iyer,2,11666,23332
2025-06-19,South,Monitor,Vikram Rao,7,12345,86415
2025-06-20,East,Tablet,Vikram Rao,8,18632,149056
2025-06-20,West,Laptop,Priya Singh,8,57141,457128
2025-06-20,North,Monitor,Karan Mehta,9,11758,105822
2025-06-20,North,Smartphone,Rahul Verma,4,21653,86612
2025-06-21,West,Smartphone,Ananya Iyer,3,22613,67839
2025-06-21,West,Tablet,Rahul Verma,6,18242,109452
2025-06-21,North,Headphones,Vikram Rao,4,3591,14364
2025-06-21,South,Smartwatch,Rahul Verma,8,8228,65824
2025-06-21,North,Smartphone,Karan Mehta,7,21787,152509
2025-06-21,West,Headphones,Amit Sharma,1,3511,3511
2025-06-22,North,Tablet,Sneha Gupta,1,18318,18318
2025-06-22,South,Smartphone,Ananya Iyer,5,21183,105915
2025-06-22,West,Smartwatch,Vikram Rao,3,7652,22956
2025-06-22,North,Tablet,Vikram Rao,8,18410,147280
2025-06-23,East,Headphones,Rahul Verma,6,3673,22038
2025-06-23,West,Tablet,Sneha Gupta,3,18806,56418
2025-06-23,West,Laptop,Sneha Gupta,4,56249,224996
2025-06-23,South,Smartphone,Amit Sharma,10,22010,220100
2025-06-23,North,Tablet,Amit Sharma,7,18677,130739
2025-06-23,East,Smartwatch,Amit Sharma,10,8395,83950
2025-06-24,North,Laptop,Priya Singh,7,54693,382851
2025-06-24,North,Smartwatch,Vikram Rao,8,8161,65288
2025-06-25,North,Tablet,Karan Mehta,2,18292,36584
2025-06-25,East,Smartwatch,Rahul Verma,7,8264,57848
2025-06-25,North,Smartwatch,Priya Singh,5,7691,38455
2025-06-26,West,Smartphone,Sneha Gupta,5,22729,113645
2025-06-26,South,Tablet,Karan Mehta,5,17388,86940
2025-06-27,West,Smartphone,Divya Nair,6,21415,128490
2025-06-27,North,Monitor,Priya Singh,2,12402,24804
2025-06-27,West,Smartphone,Priya Singh,9,21065,189585
2025-06-27,North,Tablet,Sneha Gupta,8,18879,151032
2025-06-27,East,Tablet,Divya Nair,1,17279,17279
2025-06-27,South,Laptop,Vikram Rao,6,56658,339948
2025-06-28,West,Monitor,Priya Singh,2,12421,24842
2025-06-28,North,Laptop,Rahul Verma,3,54057,162171
2025-06-28,West,Smartwatch,Vikram Rao,2,7898,15796
2025-06-28,East,Smartphone,Priya Singh,7,21780,152460
2025-06-29,East,Headphones,Divya Nair,7,3552,24864
2025-06-29,South,Laptop,Rahul Verma,1,57648,57648
2025-06-29,South,Laptop,Karan Mehta,10,54904,549040
2025-06-29,West,Smartphone,Karan Mehta,6,22244,133464
2025-06-29,South,Headphones,Divya Nair,2,3635,7270
2025-06-30,North,Laptop,Vikram Rao,6,52317,313902
2025-06-30,South,Monitor,Ananya Iyer,9,12027,108243
2025-06-30,North,Headphones,Sneha Gupta,8,3446,27568
2025-06-30,West,Smartphone,Amit Sharma,1,22315,22315
2025-06-30,South,Smartwatch,Divya Nair,8,8295,66360
2025-07-01,West,Tablet,Sneha Gupta,6,18846,113076
2025-07-01,North,Smartwatch,Sneha Gupta,9,8114,73026
2025-07-02,South,Laptop,Divya Nair,8,56656,453248
2025-07-02,West,Laptop,Divya Nair,8,53988,431904
2025-07-02,West,Monitor,Amit Sharma,2,11884,23768
2025-07-02,North,Smartwatch,Amit Sharma,2,8233,16466
2025-07-02,East,Smartwatch,Sneha Gupta,8,8360,66880
2025-07-03,North,Smartphone,Divya Nair,6,22132,132792
2025-07-03,West,Monitor,Ananya Iyer,8,11536,92288
2025-07-03,South,Laptop,Ananya Iyer,6,56814,340884
2025-07-03,East,Smartwatch,Ananya Iyer,2,7636,15272
2025-07-04,West,Smartphone,Karan Mehta,2,21459,42918
2025-07-04,South,Smartphone,Priya Singh,7,21374,149618
2025-07-04,South,Monitor,Ananya Iyer,2,12308,24616
2025-07-05,North,Headphones,Divya Nair,10,3659,36590
2025-07-05,South,Headphones,Amit Sharma,9,3582,32238
2025-07-06,West,Smartwatch,Divya Nair,9,8224,74016
2025-07-06,South,Monitor,Rahul Verma,3,11524,34572
2025-07-06,East,Smartwatch,Karan Mehta,7,8383,58681
2025-07-06,South,Tablet,Karan Mehta,6,18846,113076
2025-07-06,West,Smartphone,Rahul Verma,7,22225,155575
2025-07-06,East,Monitor,Ananya Iyer,9,12159,109431
2025-07-07,South,Smartwatch,Vikram Rao,6,8336,50016
2025-07-07,South,Monitor,Rahul Verma,9,12050,108450
2025-07-07,East,Monitor,Priya Singh,6,12074,72444
2025-07-08,West,Monitor,Vikram Rao,7,12369,86583
2025-07-08,North,Laptop,Karan Mehta,3,52541,157623
2025-07-08,North,Smartphone,Vikram Rao,3,23063,69189
2025-07-08,East,Smartphone,Amit Sharma,5,21348,106740
2025-07-08,North,Tablet,Divya Nair,2,18208,36416
2025-07-08,South,Monitor,Karan Mehta,4,12013,48052
2025-07-09,North,Headphones,Karan Mehta,7,3659,25613
2025-07-09,East,Smartwatch,Amit Sharma,1,8194,8194
2025-07-09,South,Smartwatch,Divya Nair,4,8329,33316
2025-07-09,East,Smartwatch,Sneha Gupta,4,7835,31340
2025-07-10,North,Smartphone,Rahul Verma,9,21162,190458
2025-07-10,North,Headphones,Vikram Rao,9,3417,30753
2025-07-10,South,Smartwatch,Vikram Rao,1,7864,7864
2025-07-11,North,Smartphone,Ananya Iyer,10,21011,210110
2025-07-11,East,Headphones,Ananya Iyer,2,3599,7198
2025-07-11,East,Smartwatch,Sneha Gupta,3,8016,24048
2025-07-12,South,Headphones,Karan Mehta,2,3447,6894
2025-07-12,South,Monitor,Ananya Iyer,6,11832,70992
2025-07-12,South,Smartwatch,Divya Nair,9,8258,74322
2025-07-12,North,Laptop,Ananya Iyer,8,53571,428568
2025-07-12,South,Laptop,Ananya Iyer,7,57287,401009
2025-07-12,North,Headphones,Vikram Rao,9,3578,32202
2025-07-13,East,Smartwatch,Divya Nair,8,7635,61080
2025-07-13,South,Tablet,Priya Singh,2,17401,34802
2025-07-14,North,Monitor,Priya Singh,4,12204,48816
2025-07-14,South,Monitor,Karan Mehta,2,11646,23292
2025-07-14,West,Monitor,Priya Singh,3,11428,34284
2025-07-14,East,Laptop,Priya Singh,2,52548,105096
2025-07-14,East,Smartwatch,Priya Singh,10,8257,82570
2025-07-14,East,Headphones,Karan Mehta,8,3545,28360
2025-07-15,East,Laptop,Karan Mehta,2,55191,110382
2025-07-15,North,Monitor,Amit Sharma,2,11829,23658
2025-07-15,North,Tablet,Vikram Rao,10,17255,172550
2025-07-15,West,Headphones,Karan Mehta,1,3490,3490
2025-07-15,South,Smartphone,Karan Mehta,9,21548,193932
2025-07-16,East,Monitor,Ananya Iyer,1,12064,12064
2025-07-16,South,Laptop,Amit Sharma,1,55399,55399
2025-07-16,West,Smartwatch,Priya Singh,5,7768,38840
2025-07-17,South,Headphones,Rahul Verma,3,3389,10167
2025-07-17,East,Smartphone,Priya Singh,3,22376,67128
2025-07-17,North,Smartwatch,Divya Nair,9,7658,68922
2025-07-17,North,Tablet,Priya Singh,4,18406,73624
2025-07-18,East,Tablet,Rahul Verma,4,17280,69120
2025-07-18,North,Smartphone,Ananya Iyer,8,21891,175128
2025-07-18,East,Monitor,Rahul Verma,10,12080,120800
2025-07-18,East,Headphones,Rahul Verma,1,3434,3434
2025-07-18,South,Monitor,Karan Mehta,5,12408,62040
2025-07-19,East,Headphones,Divya Nair,8,3450,27600
2025-07-19,East,Headphones,Priya Singh,3,3550,10650
2025-07-19,North,Tablet,Rahul Verma,9,17453,157077
2025-07-20,North,Laptop,Amit Sharma,10,55433,554330
2025-07-20,South,Laptop,Vikram Rao,9,57166,514494
2025-07-21,West,Monitor,Rahul Verma,6,11870,71220
2025-07-21,East,Smartphone,Divya Nair,9,22022,198198
2025-07-21,West,Tablet,Amit Sharma,4,18626,74504
2025-07-21,South,Smartwatch,Rahul Verma,8,7727,61816
2025-07-21,South,Monitor,Divya Nair,6,11448,68688
2025-07-21,West,Smartphone,Priya Singh,5,21712,108560
2025-07-22,South,Smartwatch,Ananya Iyer,7,7975,55825
2025-07-22,West,Laptop,Amit Sharma,6,52817,316902
2025-07-23,East,Monitor,Vikram Rao,10,12053,120530
2025-07-23,South,Headphones,Karan Mehta,6,3530,21180
2025-07-23,North,Smartwatch,Vikram Rao,7,8378,58646
2025-07-23,South,Smartwatch,Karan Mehta,6,8253,49518
2025-07-23,East,Headphones,Divya Nair,10,3327,33270
2025-07-23,South,Headphones,Rahul Verma,4,3351,13404
2025-07-24,South,Smartphone,Rahul Verma,3,21696,65088
2025-07-24,North,Monitor,Sneha Gupta,7,12373,86611
2025-07-24,North,Headphones,Divya Nair,8,3398,27184
2025-07-24,South,Monitor,Karan Mehta,1,11692,11692
2025-07-25,South,Smartphone,Amit Sharma,10,21223,212230
2025-07-25,South,Tablet,Rahul Verma,9,18824,169416
2025-07-25,North,Monitor,Vikram Rao,2,11659,23318
2025-07-26,West,Headphones,Rahul Verma,4,3615,14460
2025-07-26,South,Smartwatch,Rahul Verma,10,8127,81270
2025-07-26,East,Smartphone,Ananya Iyer,8,22212,177696
2025-07-26,North,Smartphone,Karan Mehta,7,21190,148330
2025-07-26,North,Smartphone,Karan Mehta,3,22232,66696
2025-07-26,South,Headphones,Amit Sharma,9,3501,31509
2025-07-27,North,Headphones,Rahul Verma,10,3513,35130
2025-07-27,North,Monitor,Karan Mehta,9,11904,107136
2025-07-28,West,Smartphone,Divya Nair,7,21671,151697
2025-07-28,North,Headphones,Rahul Verma,5,3491,17455
2025-07-29,North,Tablet,Karan Mehta,5,17440,87200
2025-07-29,North,Smartwatch,Priya Singh,9,7605,68445
2025-07-29,South,Monitor,Ananya Iyer,7,11834,82838
2025-07-30,West,Monitor,Vikram Rao,5,12425,62125
2025-07-30,West,Smartwatch,Ananya Iyer,10,7820,78200
2025-07-30,West,Smartphone,Karan Mehta,9,22624,203616
2025-07-31,South,Tablet,Divya Nair,5,18879,94395
2025-07-31,East,Monitor,Karan Mehta,3,12425,37275
2025-07-31,North,Monitor,Sneha Gupta,8,12339,98712
2025-07-31,South,Laptop,Sneha Gupta,9,54453,490077
2025-07-31,East,Smartwatch,Amit Sharma,3,7911,23733
2025-08-01,North,Smartphone,Divya Nair,10,21857,218570
2025-08-01,North,Tablet,Sneha Gupta,6,17244,103464
2025-08-02,West,Headphones,Vikram Rao,10,3345,33450
2025-08-02,South,Monitor,Divya Nair,8,11412,91296
2025-08-03,East,Smartphone,Amit Sharma,10,22023,220230
2025-08-03,South,Smartwatch,Rahul Verma,1,7887,7887
2025-08-03,North,Smartphone,Priya Singh,5,22615,113075
2025-08-03,East,Monitor,Karan Mehta,7,12103,84721
2025-08-03,North,Monitor,Priya Singh,2,12059,24118
2025-08-03,East,Tablet,Vikram Rao,4,18191,72764
2025-08-04,West,Headphones,Amit Sharma,5,3386,16930
2025-08-04,North,Smartwatch,Priya Singh,9,7835,70515
2025-08-04,North,Smartwatch,Vikram Rao,9,8250,74250
2025-08-05,East,Monitor,Divya Nair,7,12075,84525
2025-08-05,South,Tablet,Divya Nair,8,18713,149704
2025-08-05,North,Headphones,Priya Singh,5,3348,16740
2025-08-05,South,Monitor,Sneha Gupta,6,11894,71364
2025-08-05,East,Smartwatch,Amit Sharma,5,7798,38990
2025-08-05,North,Headphones,Ananya Iyer,2,3519,7038
2025-08-06,West,Tablet,Ananya Iyer,4,18709,74836
2025-08-06,East,Smartphone,Sneha Gupta,8,22521,180168
2025-08-06,South,Monitor,Sneha Gupta,5,11648,58240
2025-08-07,South,Smartwatch,Ananya Iyer,3,8223,24669
2025-08-07,North,Laptop,Divya Nair,10,52286,522860
2025-08-07,North,Headphones,Ananya Iyer,10,3435,34350
2025-08-08,East,Headphones,Rahul Verma,9,3423,30807
2025-08-08,South,Smartwatch,Rahul Verma,1,8020,8020
2025-08-08,West,Headphones,Amit Sharma,9,3446,31014
2025-08-08,South,Headphones,Priya Singh,9,3486,31374
2025-08-08,North,Laptop,Sneha Gupta,7,55445,388115
2025-08-08,East,Tablet,Vikram Rao,3,18087,54261
2025-08-09,East,Headphones,Ananya Iyer,6,3389,20334
2025-08-09,West,Smartphone,Karan Mehta,6,21703,130218
2025-08-09,West,Tablet,Divya Nair,3,18128,54384
2025-08-10,South,Laptop,Vikram Rao,4,55304,221216
2025-08-10,West,Smartphone,Rahul Verma,3,21940,65820
2025-08-10,North,Smartphone,Karan Mehta,8,21195,169560
2025-08-10,East,Headphones,Vikram Rao,5,3521,17605
2025-08-10,North,Headphones,Priya Singh,3,3346,10038
2025-08-10,East,Headphones,Priya Singh,8,3585,28680
2025-08-11,East,Tablet,Vikram Rao,6,17135,102810
2025-08-11,North,Tablet,Sneha Gupta,10,18136,181360
2025-08-11,South,Tablet,Ananya Iyer,6,18311,109866
2025-08-11,West,Monitor,Divya Nair,2,11857,23714
2025-08-12,West,Monitor,Rahul Verma,3,12168,36504
2025-08-12,East,Headphones,Karan Mehta,2,3352,6704
2025-08-12,East,Smartphone,Ananya Iyer,6,22336,134016
2025-08-12,East,Smartwatch,Karan Mehta,5,8310,41550
2025-08-13,West,Headphones,Rahul Verma,3,3623,10869
2025-08-13,South,Monitor,Sneha Gupta,5,12528,62640
2025-08-13,North,Smartphone,Rahul Verma,7,21126,147882
2025-08-13,North,Headphones,Amit Sharma,1,3594,3594
2025-08-14,North,Laptop,Vikram Rao,10,53104,531040
2025-08-14,West,Tablet,Sneha Gupta,4,18427,73708
2025-08-14,West,Monitor,Rahul Verma,3,12032,36096
2025-08-14,South,Laptop,Amit Sharma,6,56982,341892
2025-08-14,East,Headphones,Divya Nair,9,3652,32868
2025-08-14,West,Smartphone,Rahul Verma,10,22214,222140
2025-08-15,West,Smartwatch,Vikram Rao,6,7985,47910
2025-08-15,South,Laptop,Divya Nair,5,54261,271305
2025-08-15,East,Smartphone,Vikram Rao,1,20900,20900
2025-08-15,South,Tablet,Vikram Rao,8,18063,144504
2025-08-15,West,Headphones,Vikram Rao,1,3593,3593
2025-08-15,East,Smartwatch,Sneha Gupta,1,8038,8038
2025-08-16,West,Smartwatch,Karan Mehta,7,7799,54593
2025-08-16,West,Headphones,Sneha Gupta,5,3352,16760
2025-08-16,South,Smartwatch,Vikram Rao,5,8118,40590
2025-08-17,East,Headphones,Sneha Gupta,2,3388,6776
2025-08-17,East,Laptop,Divya Nair,10,54740,547400
2025-08-17,West,Smartphone,Ananya Iyer,1,21234,21234
2025-08-17,North,Smartphone,Priya Singh,5,21492,107460
2025-08-17,West,Monitor,Amit Sharma,4,11508,46032
2025-08-17,North,Headphones,Sneha Gupta,6,3472,20832
2025-08-18,East,Headphones,Amit Sharma,6,3353,20118
2025-08-18,South,Laptop,Vikram Rao,7,52642,368494
2025-08-18,West,Smartphone,Sneha Gupta,5,22697,113485
2025-08-18,North,Laptop,Sneha Gupta,7,56491,395437
2025-08-18,West,Smartphone,Amit Sharma,4,21913,87652
2025-08-19,South,Headphones,Karan Mehta,5,3652,18260
2025-08-19,South,Monitor,Amit Sharma,9,12025,108225
2025-08-20,West,Monitor,Vikram Rao,4,11832,47328
2025-08-20,North,Monitor,Sneha Gupta,2,11683,23366
2025-08-20,West,Tablet,Amit Sharma,3,18529,55587
2025-08-20,North,Headphones,Sneha Gupta,1,3664,3664
2025-08-21,West,Monitor,Rahul Verma,6,12324,73944
2025-08-21,South,Smartphone,Divya Nair,2,22409,44818
2025-08-21,East,Monitor,Amit Sharma,1,11826,11826
2025-08-21,South,Monitor,Priya Singh,3,11985,35955
2025-08-21,East,Smartwatch,Ananya Iyer,8,8186,65488
2025-08-21,North,Monitor,Karan Mehta,6,12269,73614
2025-08-22,North,Headphones,Divya Nair,9,3428,30852
2025-08-22,West,Smartphone,Rahul Verma,9,21664,194976
2025-08-22,West,Tablet,Rahul Verma,2,18056,36112
2025-08-22,West,Tablet,Vikram Rao,9,17760,159840
2025-08-23,West,Monitor,Rahul Verma,1,12143,12143
2025-08-23,East,Smartwatch,Sneha Gupta,6,8176,49056
2025-08-24,West,Smartphone,Divya Nair,9,21239,191151
2025-08-24,East,Tablet,Karan Mehta,6,17298,103788
2025-08-24,North,Laptop,Rahul Verma,3,57054,171162
2025-08-24,South,Laptop,Divya Nair,4,52793,211172
2025-08-24,West,Monitor,Divya Nair,9,12148,109332
2025-08-24,East,Laptop,Ananya Iyer,4,55582,222328
2025-08-25,North,Smartphone,Divya Nair,2,21929,43858
2025-08-25,North,Tablet,Karan Mehta,6,18529,111174
2025-08-26,East,Smartwatch,Amit Sharma,2,8267,16534
2025-08-26,North,Smartphone,Priya Singh,2,22495,44990
2025-08-27,West,Smartphone,Sneha Gupta,9,22345,201105
2025-08-27,South,Smartwatch,Karan Mehta,2,8213,16426
2025-08-27,East,Monitor,Divya Nair,7,12459,87213
2025-08-27,South,Smartphone,Karan Mehta,9,21642,194778
2025-08-27,South,Smartwatch,Divya Nair,6,8321,49926
2025-08-27,East,Tablet,Karan Mehta,7,18587,130109
2025-08-28,South,Smartwatch,Sneha Gupta,7,8212,57484
2025-08-28,East,Tablet,Divya Nair,8,18827,150616
2025-08-28,North,Monitor,Amit Sharma,5,12114,60570
2025-08-28,South,Tablet,Amit Sharma,5,18871,94355
2025-08-29,East,Laptop,Vikram Rao,9,55061,495549
2025-08-29,South,Laptop,Amit Sharma,8,54206,433648
2025-08-29,South,Tablet,Ananya Iyer,10,17549,175490
2025-08-30,East,Laptop,Karan Mehta,10,57298,572980
2025-08-30,North,Monitor,Ananya Iyer,8,11607,92856
2025-08-30,North,Smartwatch,Vikram Rao,1,8184,8184
2025-08-30,West,Laptop,Amit Sharma,6,54163,324978
2025-08-31,West,Laptop,Sneha Gupta,10,57357,573570
2025-08-31,West,Laptop,Vikram Rao,9,52476,472284
2025-08-31,South,Tablet,Sneha Gupta,3,17190,51570
2025-08-31,West,Headphones,Priya Singh,4,3476,13904
2025-08-31,West,Smartphone,Rahul Verma,6,21081,126486
2025-09-01,North,Smartwatch,Karan Mehta,5,7668,38340
2025-09-01,West,Monitor,Rahul Verma,3,11977,35931
2025-09-01,South,Headphones,Karan Mehta,10,3393,33930
2025-09-01,South,Smartphone,Priya Singh,5,22608,113040
2025-09-01,East,Monitor,Priya Singh,2,12206,24412
2025-09-01,West,Tablet,Ananya Iyer,4,17677,70708
2025-09-02,North,Tablet,Rahul Verma,6,18209,109254
2025-09-02,West,Smartwatch,Rahul Verma,8,7635,61080
2025-09-02,South,Smartphone,Ananya Iyer,3,22567,67701
2025-09-02,North,Laptop,Amit Sharma,4,57469,229876
2025-09-02,South,Tablet,Amit Sharma,6,18348,110088
2025-09-02,North,Tablet,Divya Nair,8,17140,137120
2025-09-03,South,Smartphone,Vikram Rao,9,21962,197658
2025-09-03,South,Monitor,Amit Sharma,7,12099,84693
2025-09-03,North,Tablet,Rahul Verma,1,17611,17611
2025-09-04,East,Laptop,Divya Nair,1,52616,52616
2025-09-04,East,Monitor,Ananya Iyer,2,11422,22844
2025-09-04,West,Smartphone,Karan Mehta,9,23048,207432
2025-09-04,North,Tablet,Divya Nair,10,18056,180560
2025-09-04,South,Smartphone,Divya Nair,9,22937,206433
2025-09-04,North,Laptop,Sneha Gupta,9,53927,485343
2025-09-05,West,Monitor,Rahul Verma,1,11816,11816
2025-09-05,East,Tablet,Vikram Rao,4,18892,75568
2025-09-05,East,Laptop,Vikram Rao,7,57147,400029
2025-09-05,North,Smartwatch,Vikram Rao,4,7721,30884
2025-09-05,West,Monitor,Rahul Verma,2,12275,24550
2025-09-06,South,Headphones,Sneha Gupta,10,3378,33780
2025-09-06,East,Smartwatch,Ananya Iyer,8,8033,64264
2025-09-06,South,Monitor,Rahul Verma,10,12049,120490
2025-09-06,South,Smartphone,Vikram Rao,9,22901,206109
2025-09-06,West,Smartphone,Rahul Verma,6,21049,126294
2025-09-06,North,Smartphone,Ananya Iyer,3,22499,67497
2025-09-07,West,Headphones,Vikram Rao,8,3585,28680
2025-09-07,East,Smartphone,Sneha Gupta,2,21189,42378
2025-09-07,North,Smartwatch,Vikram Rao,10,8053,80530
2025-09-07,South,Smartwatch,Sneha Gupta,4,8149,32596
2025-09-08,North,Monitor,Divya Nair,3,12002,36006
2025-09-08,West,Monitor,Ananya Iyer,3,12422,37266
2025-09-08,West,Headphones,Rahul Verma,3,3392,10176
2025-09-08,North,Headphones,Amit Sharma,5,3657,18285
2025-09-09,South,Smartphone,Priya Singh,3,22939,68817
2025-09-09,West,Smartwatch,Divya Nair,6,8293,49758
2025-09-09,South,Headphones,Karan Mehta,1,3537,3537
2025-09-10,East,Headphones,Amit Sharma,9,3363,30267
2025-09-10,West,Laptop,Sneha Gupta,9,55208,496872
2025-09-10,North,Smartwatch,Karan Mehta,9,8212,73908
2025-09-10,North,Smartphone,Vikram Rao,8,21775,174200
2025-09-10,East,Tablet,Divya Nair,3,17860,53580
2025-09-11,North,Monitor,Rahul Verma,8,12395,99160
2025-09-11,West,Laptop,Priya Singh,3,56533,169599
2025-09-11,South,Headphones,Karan Mehta,6,3482,20892
2025-09-11,South,Headphones,Sneha Gupta,8,3356,26848
2025-09-11,East,Monitor,Rahul Verma,2,11509,23018
2025-09-11,West,Monitor,Ananya Iyer,2,12028,24056
2025-09-12,South,Headphones,Karan Mehta,1,3593,3593
2025-09-12,East,Smartwatch,Rahul Verma,3,8295,24885
2025-09-12,South,Monitor,Amit Sharma,7,11769,82383
2025-09-12,West,Tablet,Rahul Verma,2,18717,37434
2025-09-12,South,Laptop,Vikram Rao,1,54772,54772
2025-09-13,North,Smartwatch,Divya Nair,4,7773,31092
2025-09-13,West,Headphones,Karan Mehta,8,3352,26816
2025-09-13,North,Smartphone,Vikram Rao,10,22282,222820
2025-09-13,South,Laptop,Rahul Verma,3,52552,157656
2025-09-13,East,Laptop,Rahul Verma,1,55918,55918
2025-09-14,East,Tablet,Priya Singh,1,17295,17295
2025-09-14,South,Smartphone,Vikram Rao,10,22354,223540
2025-09-14,South,Headphones,Ananya Iyer,1,3357,3357
2025-09-14,East,Tablet,Ananya Iyer,7,18576,130032
2025-09-14,West,Smartwatch,Priya Singh,5,7976,39880
2025-09-14,North,Monitor,Vikram Rao,6,12032,72192
2025-09-15,South,Monitor,Sneha Gupta,10,11469,114690
2025-09-15,North,Headphones,Vikram Rao,7,3538,24766
2025-09-15,East,Tablet,Ananya Iyer,3,18205,54615
2025-09-15,West,Smartwatch,Divya Nair,8,8246,65968
2025-09-15,South,Monitor,Vikram Rao,4,11401,45604
2025-09-15,North,Headphones,Priya Singh,4,3604,14416
2025-09-16,West,Laptop,Ananya Iyer,6,55332,331992
2025-09-16,South,Laptop,Sneha Gupta,5,53649,268245
2025-09-16,North,Tablet,Vikram Rao,9,18089,162801
2025-09-16,North,Laptop,Ananya Iyer,6,54428,326568
2025-09-16,North,Smartphone,Sneha Gupta,6,22734,136404
2025-09-17,West,Laptop,Rahul Verma,8,53104,424832
2025-09-17,West,Smartwatch,Ananya Iyer,8,8227,65816
2025-09-17,West,Monitor,Amit Sharma,9,11759,105831
2025-09-17,East,Smartwatch,Amit Sharma,4,8061,32244
2025-09-17,East,Tablet,Priya Singh,3,17604,52812
2025-09-18,East,Headphones,Rahul Verma,10,3536,35360
2025-09-18,South,Smartwatch,Priya Singh,5,8164,40820
2025-09-19,North,Tablet,Karan Mehta,2,17994,35988
2025-09-19,South,Tablet,Divya Nair,5,17489,87445
2025-09-19,East,Smartphone,Priya Singh,6,22626,135756
2025-09-19,South,Laptop,Divya Nair,9,52387,471483
2025-09-20,South,Smartphone,Ananya Iyer,8,22511,180088
2025-09-20,East,Tablet,Rahul Verma,2,18579,37158
2025-09-20,South,Smartphone,Amit Sharma,8,21752,174016
2025-09-20,North,Laptop,Vikram Rao,1,56028,56028
2025-09-20,North,Tablet,Divya Nair,1,17285,17285
2025-09-21,North,Smartwatch,Vikram Rao,4,7856,31424
2025-09-21,South,Tablet,Vikram Rao,9,17674,159066
2025-09-21,West,Monitor,Priya Singh,5,11579,57895
2025-09-21,East,Laptop,Amit Sharma,10,55327,553270
2025-09-22,South,Smartwatch,Ananya Iyer,9,7854,70686
2025-09-22,South,Monitor,Vikram Rao,10,11693,116930
2025-09-23,East,Smartwatch,Ananya Iyer,9,7954,71586
2025-09-23,South,Laptop,Divya Nair,1,52832,52832
2025-09-24,North,Headphones,Karan Mehta,3,3571,10713
2025-09-24,West,Smartwatch,Ananya Iyer,5,7865,39325
2025-09-25,North,Headphones,Rahul Verma,2,3609,7218
2025-09-25,West,Laptop,Divya Nair,5,56014,280070
2025-09-25,West,Headphones,Sneha Gupta,4,3375,13500
2025-09-26,East,Tablet,Karan Mehta,3,18359,55077
2025-09-26,East,Tablet,Divya Nair,8,17154,137232
2025-09-26,West,Laptop,Ananya Iyer,8,54786,438288
2025-09-26,South,Tablet,Ananya Iyer,10,18134,181340
2025-09-26,North,Headphones,Priya Singh,6,3519,21114
2025-09-26,North,Tablet,Divya Nair,7,18162,127134
2025-09-27,South,Smartwatch,Rahul Verma,8,7907,63256
2025-09-27,East,Smartphone,Karan Mehta,7,22147,155029
2025-09-27,East,Smartwatch,Sneha Gupta,3,8130,24390
2025-09-28,West,Laptop,Divya Nair,6,55302,331812
2025-09-28,West,Smartphone,Vikram Rao,7,21053,147371
2025-09-29,West,Tablet,Divya Nair,1,17262,17262
2025-09-29,South,Smartwatch,Amit Sharma,3,8128,24384
2025-09-30,East,Headphones,Divya Nair,4,3396,13584
2025-09-30,East,Tablet,Vikram Rao,7,18392,128744
2025-09-30,East,Laptop,Amit Sharma,10,57675,576750
2025-09-30,West,Smartphone,Vikram Rao,1,21712,21712
2025-09-30,North,Laptop,Ananya Iyer,2,56986,113972
2025-10-01,South,Headphones,Karan Mehta,6,3574,21444
2025-10-01,West,Headphones,Karan Mehta,9,3398,30582
2025-10-02,West,Smartphone,Sneha Gupta,9,21746,195714
2025-10-02,East,Headphones,Rahul Verma,5,3674,18370
2025-10-02,South,Smartphone,Amit Sharma,2,22326,44652
2025-10-03,West,Monitor,Karan Mehta,3,11501,34503
2025-10-03,West,Headphones,Karan Mehta,10,3387,33870
2025-10-03,West,Smartwatch,Divya Nair,7,7884,55188
2025-10-04,West,Smartwatch,Amit Sharma,10,7998,79980
2025-10-04,South,Monitor,Vikram Rao,7,12511,87577
2025-10-04,East,Laptop,Amit Sharma,10,54907,549070
2025-10-05,North,Smartwatch,Divya Nair,2,7713,15426
2025-10-05,East,Headphones,Priya Singh,9,3636,32724
2025-10-05,North,Smartphone,Divya Nair,2,22404,44808
2025-10-05,East,Smartwatch,Amit Sharma,6,8028,48168
2025-10-06,West,Headphones,Divya Nair,10,3581,35810
2025-10-06,West,Tablet,Vikram Rao,5,17401,87005
2025-10-07,East,Monitor,Vikram Rao,1,12155,12155
2025-10-07,South,Smartwatch,Amit Sharma,5,8247,41235
2025-10-07,North,Tablet,Divya Nair,2,17328,34656
2025-10-07,North,Tablet,Vikram Rao,3,18208,54624
2025-10-07,East,Tablet,Amit Sharma,2,18186,36372
2025-10-07,South,Monitor,Divya Nair,6,12369,74214
2025-10-08,South,Headphones,Rahul Verma,9,3626,32634
2025-10-08,East,Laptop,Rahul Verma,10,57386,573860
2025-10-08,South,Headphones,Karan Mehta,7,3408,23856
2025-10-08,West,Monitor,Rahul Verma,4,12093,48372
2025-10-09,North,Monitor,Vikram Rao,2,11463,22926
2025-10-09,West,Headphones,Divya Nair,5,3491,17455
2025-10-09,South,Headphones,Karan Mehta,8,3416,27328
2025-10-09,West,Laptop,Vikram Rao,8,54351,434808
2025-10-10,North,Laptop,Ananya Iyer,7,55607,389249
2025-10-10,East,Tablet,Vikram Rao,5,18544,92720
2025-10-10,East,Monitor,Karan Mehta,8,12327,98616
2025-10-10,South,Monitor,Sneha Gupta,9,11804,106236
2025-10-11,East,Smartwatch,Amit Sharma,1,8265,8265
2025-10-11,North,Headphones,Priya Singh,9,3361,30249
2025-10-11,West,Tablet,Sneha Gupta,5,17553,87765
2025-10-12,North,Smartwatch,Priya Singh,1,8350,8350
2025-10-12,South,Smartwatch,Priya Singh,2,7669,15338
2025-10-13,South,Headphones,Rahul Verma,2,3568,7136
2025-10-13,East,Tablet,Divya Nair,2,18249,36498
2025-10-13,East,Headphones,Ananya Iyer,5,3381,16905
2025-10-13,North,Tablet,Amit Sharma,7,17799,124593
2025-10-13,North,Tablet,Vikram Rao,3,17893,53679
2025-10-13,West,Smartphone,Karan Mehta,3,22320,66960
2025-10-14,South,Smartwatch,Karan Mehta,4,8091,32364
2025-10-14,North,Headphones,Vikram Rao,2,3337,6674
2025-10-15,East,Headphones,Amit Sharma,8,3377,27016
2025-10-15,North,Laptop,Karan Mehta,5,53083,265415
2025-10-16,West,Smartwatch,Amit Sharma,9,8166,73494
2025-10-16,West,Headphones,Karan Mehta,7,3620,25340
2025-10-16,North,Smartwatch,Sneha Gupta,1,7907,7907
2025-10-16,West,Laptop,Ananya Iyer,6,56000,336000
2025-10-17,North,Monitor,Priya Singh,6,12041,72246
2025-10-17,East,Laptop,Divya Nair,5,55812,279060
2025-10-17,South,Smartwatch,Amit Sharma,7,8128,56896
2025-10-17,East,Monitor,Karan Mehta,2,12156,24312
2025-10-17,East,Headphones,Priya Singh,8,3582,28656
2025-10-18,North,Smartphone,Amit Sharma,10,21424,214240
2025-10-18,West,Laptop,Vikram Rao,8,55186,441488
2025-10-18,West,Laptop,Amit Sharma,6,52558,315348
2025-10-19,West,Laptop,Sneha Gupta,9,54771,492939
2025-10-19,South,Monitor,Sneha Gupta,2,11444,22888
2025-10-20,West,Monitor,Amit Sharma,8,12488,99904
2025-10-20,North,Smartphone,Rahul Verma,1,21278,21278
2025-10-20,North,Tablet,Priya Singh,8,18200,145600
2025-10-21,North,Laptop,Priya Singh,8,55522,444176
2025-10-21,South,Laptop,Sneha Gupta,7,54105,378735
2025-10-21,West,Tablet,Priya Singh,10,18082,180820
2025-10-21,East,Smartphone,Amit Sharma,10,21281,212810
2025-10-21,North,Laptop,Vikram Rao,3,56416,169248
2025-10-21,South,Monitor,Ananya Iyer,9,11598,104382
2025-10-22,North,Smartphone,Priya Singh,10,21727,217270
2025-10-22,South,Laptop,Divya Nair,2,52284,104568
2025-10-22,South,Laptop,Vikram Rao,7,56064,392448
2025-10-23,South,Smartphone,Rahul Verma,5,22050,110250
2025-10-23,West,Smartphone,Rahul Verma,10,22421,224210
2025-10-23,South,Monitor,Divya Nair,10,12540,125400
2025-10-23,East,Tablet,Karan Mehta,1,18103,18103
2025-10-23,South,Laptop,Priya Singh,10,54240,542400
2025-10-24,South,Headphones,Sneha Gupta,5,3343,16715
2025-10-24,North,Smartphone,Divya Nair,8,21287,170296
2025-10-24,North,Laptop,Ananya Iyer,5,53402,267010
2025-10-24,East,Tablet,Divya Nair,1,17287,17287
2025-10-24,North,Smartwatch,Rahul Verma,3,8228,24684
2025-10-24,West,Smartwatch,Priya Singh,2,8316,16632
2025-10-25,East,Headphones,Sneha Gupta,6,3405,20430
2025-10-25,North,Tablet,Sneha Gupta,2,17526,35052
2025-10-25,West,Smartphone,Karan Mehta,4,21061,84244
2025-10-25,West,Laptop,Karan Mehta,3,53438,160314
2025-10-25,West,Smartphone,Karan Mehta,6,21200,127200
2025-10-26,East,Tablet,Sneha Gupta,6,17328,103968
2025-10-26,North,Tablet,Rahul Verma,2,18632,37264
2025-10-26,West,Headphones,Rahul Verma,6,3401,20406
2025-10-27,South,Monitor,Rahul Verma,10,12564,125640
2025-10-27,South,Laptop,Karan Mehta,9,54940,494460
2025-10-27,South,Smartwatch,Divya Nair,8,7823,62584
2025-10-27,West,Monitor,Sneha Gupta,4,11792,47168
2025-10-28,South,Smartwatch,Rahul Verma,10,8318,83180
2025-10-28,West,Laptop,Amit Sharma,8,56284,450272
2025-10-28,North,Headphones,Karan Mehta,8,3608,28864
2025-10-28,North,Headphones,Divya Nair,4,3354,13416
2025-10-28,North,Monitor,Karan Mehta,4,11559,46236
2025-10-28,East,Smartphone,Priya Singh,1,21955,21955
2025-10-29,South,Monitor,Divya Nair,10,12296,122960
2025-10-29,North,Headphones,Divya Nair,3,3630,10890
2025-10-29,West,Smartphone,Ananya Iyer,8,22448,179584
2025-10-29,North,Monitor,Priya Singh,7,12472,87304
2025-10-30,North,Tablet,Karan Mehta,5,18356,91780
2025-10-30,South,Monitor,Priya Singh,10,12457,124570
2025-10-30,North,Smartwatch,Ananya Iyer,1,7688,7688
2025-10-30,East,Headphones,Amit Sharma,6,3453,20718
2025-10-31,North,Smartwatch,Sneha Gupta,3,8385,25155
2025-10-31,South,Smartwatch,Priya Singh,8,8189,65512
2025-10-31,South,Monitor,Sneha Gupta,6,11823,70938
2025-10-31,East,Smartwatch,Karan Mehta,5,7643,38215
2025-10-31,East,Tablet,Divya Nair,8,18002,144016
2025-10-31,North,Headphones,Vikram Rao,8,3542,28336
2025-11-01,South,Headphones,Priya Singh,2,3461,6922
2025-11-01,South,Tablet,Priya Singh,2,17396,34792
2025-11-02,South,Headphones,Rahul Verma,4,3507,14028
2025-11-02,North,Tablet,Karan Mehta,9,18777,168993
2025-11-03,East,Headphones,Divya Nair,1,3427,3427
2025-11-03,North,Laptop,Sneha Gupta,9,55795,502155
2025-11-03,West,Smartwatch,Ananya Iyer,6,7988,47928
2025-11-03,West,Headphones,Vikram Rao,10,3371,33710
2025-11-03,East,Smartphone,Vikram Rao,4,21965,87860
2025-11-04,North,Smartphone,Ananya Iyer,5,21903,109515
2025-11-04,South,Smartwatch,Rahul Verma,9,7828,70452
2025-11-04,South,Monitor,Rahul Verma,3,11685,35055
2025-11-04,North,Tablet,Rahul Verma,8,17568,140544
2025-11-05,South,Smartwatch,Amit Sharma,6,8382,50292
2025-11-05,South,Tablet,Divya Nair,9,18855,169695
2025-11-05,East,Laptop,Amit Sharma,7,57370,401590
2025-11-06,West,Tablet,Rahul Verma,1,18846,18846
2025-11-06,East,Monitor,Vikram Rao,8,12475,99800
2025-11-06,South,Smartwatch,Divya Nair,6,8151,48906
2025-11-07,North,Smartphone,Priya Singh,5,20954,104770
2025-11-07,South,Headphones,Ananya Iyer,2,3439,6878
2025-11-07,South,Smartwatch,Sneha Gupta,5,7756,38780
2025-11-07,North,Smartwatch,Divya Nair,2,8380,16760
2025-11-07,West,Smartphone,Divya Nair,6,22226,133356
2025-11-08,North,Monitor,Ananya Iyer,7,11577,81039
2025-11-08,West,Tablet,Karan Mehta,6,17121,102726
2025-11-08,East,Tablet,Vikram Rao,8,18673,149384
2025-11-08,North,Smartphone,Divya Nair,7,22668,158676
2025-11-08,East,Smartphone,Karan Mehta,7,21207,148449
2025-11-08,North,Smartphone,Sneha Gupta,5,21944,109720
2025-11-09,East,Laptop,Karan Mehta,2,52286,104572
2025-11-09,East,Headphones,Rahul Verma,9,3486,31374
2025-11-09,South,Smartphone,Rahul Verma,7,21536,150752
2025-11-09,West,Laptop,Vikram Rao,10,53921,539210
2025-11-09,West,Smartphone,Amit Sharma,1,21238,21238
2025-11-09,East,Monitor,Divya Nair,2,12184,24368
2025-11-10,West,Smartphone,Divya Nair,4,20962,83848
2025-11-10,East,Headphones,Priya Singh,10,3585,35850
2025-11-10,West,Smartwatch,Karan Mehta,5,8102,40510
2025-11-10,West,Monitor,Priya Singh,6,12015,72090
2025-11-11,North,Tablet,Rahul Verma,10,17205,172050
2025-11-11,East,Headphones,Rahul Verma,6,3382,20292
2025-11-11,East,Tablet,Karan Mehta,6,17187,103122
2025-11-11,East,Smartwatch,Priya Singh,9,7755,69795
2025-11-11,South,Laptop,Rahul Verma,9,54024,486216
2025-11-11,East,Monitor,Vikram Rao,5,12222,61110
2025-11-12,North,Smartwatch,Ananya Iyer,3,7610,22830
2025-11-12,East,Tablet,Divya Nair,7,17712,123984
2025-11-12,South,Laptop,Sneha Gupta,3,55018,165054
2025-11-12,South,Smartwatch,Priya Singh,7,7968,55776
2025-11-13,North,Smartphone,Amit Sharma,8,21666,173328
2025-11-13,East,Smartphone,Divya Nair,10,22050,220500
2025-11-14,South,Monitor,Vikram Rao,1,12293,12293
2025-11-14,North,Smartphone,Rahul Verma,3,22413,67239
2025-11-14,East,Smartphone,Sneha Gupta,3,23058,69174
2025-11-14,West,Monitor,Priya Singh,2,11422,22844
2025-11-15,West,Laptop,Sneha Gupta,2,52430,104860
2025-11-15,North,Headphones,Priya Singh,5,3340,16700
2025-11-15,East,Monitor,Amit Sharma,2,12338,24676
2025-11-15,South,Smartwatch,Sneha Gupta,3,8136,24408
2025-11-15,North,Laptop,Rahul Verma,5,57468,287340
2025-11-16,East,Smartphone,Sneha Gupta,9,22154,199386
2025-11-16,North,Smartwatch,Amit Sharma,9,7773,69957
2025-11-16,South,Tablet,Rahul Verma,9,17107,153963
2025-11-16,North,Smartphone,Divya Nair,6,22435,134610
2025-11-17,West,Monitor,Priya Singh,3,12401,37203
2025-11-17,West,Headphones,Sneha Gupta,9,3404,30636
2025-11-17,North,Tablet,Priya Singh,8,17298,138384
2025-11-18,West,Tablet,Vikram Rao,9,18399,165591
2025-11-18,North,Tablet,Divya Nair,2,17792,35584
2025-11-18,West,Smartwatch,Vikram Rao,8,7780,62240
2025-11-19,East,Headphones,Sneha Gupta,2,3638,7276
2025-11-19,West,Monitor,Ananya Iyer,3,11415,34245
2025-11-19,West,Monitor,Priya Singh,7,11925,83475
2025-11-19,North,Laptop,Rahul Verma,7,54453,381171
2025-11-19,North,Monitor,Rahul Verma,2,11836,23672
2025-11-20,East,Smartphone,Karan Mehta,2,21412,42824
2025-11-20,West,Monitor,Divya Nair,5,12317,61585
2025-11-20,East,Monitor,Karan Mehta,6,11970,71820
2025-11-21,West,Headphones,Vikram Rao,3,3593,10779
2025-11-21,North,Laptop,Vikram Rao,8,54985,439880
2025-11-21,South,Laptop,Priya Singh,1,56816,56816
2025-11-21,West,Monitor,Amit Sharma,3,11859,35577
2025-11-21,East,Smartphone,Vikram Rao,10,22271,222710
2025-11-21,North,Monitor,Divya Nair,8,11642,93136
2025-11-22,West,Smartwatch,Vikram Rao,9,7874,70866
2025-11-22,North,Laptop,Karan Mehta,2,54359,108718
2025-11-22,East,Headphones,Divya Nair,8,3337,26696
2025-11-22,South,Smartwatch,Vikram Rao,3,7993,23979
2025-11-22,South,Tablet,Karan Mehta,8,18475,147800
2025-11-23,West,Monitor,Divya Nair,8,12074,96592
2025-11-23,South,Smartwatch,Amit Sharma,7,7810,54670
2025-11-23,West,Smartwatch,Ananya Iyer,5,7856,39280
2025-11-23,North,Smartwatch,Amit Sharma,3,8269,24807
2025-11-23,East,Monitor,Amit Sharma,6,11856,71136
2025-11-23,West,Tablet,Ananya Iyer,7,17732,124124
2025-11-24,South,Smartphone,Vikram Rao,10,21086,210860
2025-11-24,North,Tablet,Priya Singh,6,17405,104430
2025-11-24,East,Laptop,Divya Nair,7,55374,387618
2025-11-25,East,Laptop,Divya Nair,10,52372,523720
2025-11-25,East,Headphones,Karan Mehta,6,3525,21150
2025-11-25,West,Laptop,Sneha Gupta,6,54982,329892
2025-11-25,East,Smartphone,Vikram Rao,6,23032,138192
2025-11-25,South,Headphones,Priya Singh,9,3399,30591
2025-11-26,North,Tablet,Karan Mehta,4,18224,72896
2025-11-26,North,Monitor,Priya Singh,10,11804,118040
2025-11-26,North,Smartwatch,Divya Nair,7,7767,54369
2025-11-26,North,Monitor,Vikram Rao,9,12364,111276
2025-11-27,East,Smartphone,Karan Mehta,7,21452,150164
2025-11-27,West,Monitor,Rahul Verma,1,12153,12153
2025-11-27,South,Smartwatch,Divya Nair,4,8128,32512
2025-11-27,West,Tablet,Karan Mehta,10,18407,184070
2025-11-27,North,Smartwatch,Sneha Gupta,6,7969,47814
2025-11-28,South,Monitor,Vikram Rao,7,11892,83244
2025-11-28,North,Monitor,Sneha Gupta,7,11720,82040
2025-11-28,East,Monitor,Rahul Verma,5,12224,61120
2025-11-29,West,Smartphone,Priya Singh,3,21322,63966
2025-11-29,South,Tablet,Divya Nair,8,18107,144856
2025-11-29,West,Headphones,Amit Sharma,4,3380,13520
2025-11-30,North,Tablet,Vikram Rao,9,17416,156744
2025-11-30,North,Monitor,Divya Nair,1,11466,11466
2025-11-30,North,Tablet,Vikram Rao,2,18721,37442
2025-12-01,East,Monitor,Priya Singh,7,12531,87717
2025-12-01,South,Smartphone,Priya Singh,10,22515,225150
2025-12-01,North,Smartwatch,Vikram Rao,8,8307,66456
2025-12-01,South,Smartwatch,Priya Singh,6,7863,47178
2025-12-01,West,Monitor,Sneha Gupta,7,11661,81627
2025-12-02,South,Smartphone,Vikram Rao,8,21798,174384
2025-12-02,North,Headphones,Ananya Iyer,2,3435,6870
2025-12-03,West,Monitor,Sneha Gupta,5,12455,62275
2025-12-03,South,Tablet,Divya Nair,6,18578,111468
2025-12-03,North,Monitor,Amit Sharma,1,12228,12228
2025-12-03,South,Tablet,Karan Mehta,5,18250,91250
2025-12-03,East,Monitor,Priya Singh,9,12440,111960
2025-12-04,West,Laptop,Karan Mehta,5,53904,269520
2025-12-04,South,Tablet,Sneha Gupta,3,18748,56244
2025-12-04,East,Monitor,Karan Mehta,1,11728,11728
2025-12-04,North,Headphones,Divya Nair,7,3649,25543
2025-12-04,East,Monitor,Karan Mehta,2,12389,24778
2025-12-05,North,Tablet,Karan Mehta,10,18412,184120
2025-12-05,East,Headphones,Amit Sharma,1,3549,3549
2025-12-05,South,Monitor,Divya Nair,3,11403,34209
2025-12-05,South,Monitor,Vikram Rao,6,12090,72540
2025-12-06,South,Smartphone,Rahul Verma,10,22408,224080
2025-12-06,East,Headphones,Divya Nair,3,3416,10248
2025-12-07,East,Tablet,Sneha Gupta,2,17846,35692
2025-12-07,South,Headphones,Karan Mehta,10,3403,34030
2025-12-07,North,Smartwatch,Sneha Gupta,2,8379,16758
2025-12-07,South,Tablet,Rahul Verma,1,17821,17821
2025-12-07,West,Smartwatch,Vikram Rao,3,7671,23013
2025-12-07,East,Smartphone,Priya Singh,1,22480,22480
2025-12-08,West,Monitor,Divya Nair,2,11669,23338
2025-12-08,South,Smartphone,Vikram Rao,5,22542,112710
2025-12-08,West,Smartphone,Karan Mehta,4,22220,88880
2025-12-08,East,Monitor,Sneha Gupta,7,11616,81312
2025-12-08,South,Laptop,Vikram Rao,5,53545,267725
2025-12-09,South,Tablet,Divya Nair,2,17118,34236
2025-12-09,South,Tablet,Karan Mehta,4,18384,73536
2025-12-09,West,Monitor,Vikram Rao,2,11514,23028
2025-12-09,North,Laptop,Ananya Iyer,4,54840,219360
2025-12-09,East,Smartwatch,Amit Sharma,1,7802,7802
2025-12-10,West,Tablet,Karan Mehta,6,17338,104028
2025-12-10,North,Smartwatch,Rahul Verma,5,7735,38675
2025-12-10,West,Tablet,Divya Nair,3,17261,51783
2025-12-10,West,Smartphone,Vikram Rao,2,21589,43178
2025-12-10,South,Headphones,Vikram Rao,6,3649,21894
2025-12-10,East,Tablet,Vikram Rao,9,17663,158967
2025-12-11,East,Monitor,Divya Nair,3,12066,36198
2025-12-11,West,Laptop,Sneha Gupta,3,52550,157650
2025-12-11,South,Laptop,Divya Nair,5,53149,265745
2025-12-12,West,Laptop,Divya Nair,1,54678,54678
2025-12-12,West,Headphones,Divya Nair,2,3621,7242
2025-12-12,South,Laptop,Ananya Iyer,2,53370,106740
2025-12-12,East,Smartphone,Rahul Verma,9,22709,204381
2025-12-12,South,Smartwatch,Amit Sharma,9,8213,73917
2025-12-13,West,Laptop,Sneha Gupta,8,55972,447776
2025-12-13,East,Laptop,Vikram Rao,2,54417,108834
2025-12-13,North,Tablet,Rahul Verma,1,17245,17245
2025-12-14,West,Monitor,Vikram Rao,10,12189,121890
2025-12-14,East,Laptop,Divya Nair,6,57460,344760
2025-12-14,South,Smartphone,Amit Sharma,5,21610,108050
2025-12-14,North,Monitor,Priya Singh,9,12542,112878
2025-12-14,West,Laptop,Karan Mehta,5,53229,266145
2025-12-15,North,Laptop,Sneha Gupta,3,54386,163158
2025-12-15,West,Tablet,Rahul Verma,2,17637,35274
2025-12-15,West,Monitor,Vikram Rao,10,11557,115570
2025-12-15,North,Tablet,Sneha Gupta,8,17901,143208
2025-12-15,West,Headphones,Vikram Rao,10,3535,35350
2025-12-16,West,Tablet,Rahul Verma,7,18235,127645
2025-12-16,North,Laptop,Ananya Iyer,8,55970,447760
2025-12-17,West,Smartwatch,Priya Singh,5,7974,39870
2025-12-17,North,Headphones,Vikram Rao,3,3669,11007
2025-12-17,East,Smartphone,Karan Mehta,5,22150,110750
2025-12-18,North,Laptop,Priya Singh,9,54587,491283
2025-12-18,North,Headphones,Vikram Rao,6,3414,20484
2025-12-18,North,Smartwatch,Amit Sharma,2,8192,16384
2025-12-18,West,Smartphone,Rahul Verma,7,20999,146993
2025-12-18,West,Monitor,Vikram Rao,6,12104,72624
2025-12-18,West,Monitor,Divya Nair,10,12369,123690
2025-12-19,South,Smartphone,Rahul Verma,2,22543,45086
2025-12-19,East,Monitor,Priya Singh,7,12041,84287
2025-12-19,North,Headphones,Priya Singh,1,3385,3385
2025-12-19,West,Headphones,Karan Mehta,10,3579,35790
2025-12-20,East,Monitor,Karan Mehta,5,11505,57525
2025-12-20,South,Laptop,Sneha Gupta,2,56737,113474
2025-12-20,South,Laptop,Sneha Gupta,8,55817,446536
2025-12-20,South,Headphones,Sneha Gupta,2,3430,6860
2025-12-21,South,Headphones,Karan Mehta,1,3365,3365
2025-12-21,South,Monitor,Divya Nair,8,11965,95720
2025-12-21,West,Smartwatch,Sneha Gupta,4,7835,31340
2025-12-21,West,Laptop,Ananya Iyer,1,52814,52814
2025-12-21,West,Headphones,Divya Nair,10,3533,35330
2025-12-22,East,Laptop,Divya Nair,7,54923,384461
2025-12-22,West,Smartphone,Amit Sharma,9,20941,188469
2025-12-22,East,Smartwatch,Priya Singh,5,8314,41570
2025-12-22,West,Headphones,Priya Singh,8,3542,28336
2025-12-22,East,Headphones,Karan Mehta,1,3381,3381
2025-12-22,South,Headphones,Ananya Iyer,8,3406,27248
2025-12-23,East,Smartwatch,Divya Nair,3,8306,24918
2025-12-23,West,Headphones,Ananya Iyer,8,3604,28832
2025-12-23,South,Smartwatch,Sneha Gupta,5,8152,40760
2025-12-24,West,Smartphone,Rahul Verma,4,21243,84972
2025-12-24,West,Laptop,Karan Mehta,8,53920,431360
2025-12-25,North,Laptop,Ananya Iyer,5,54213,271065
2025-12-25,South,Smartphone,Amit Sharma,2,21643,43286
2025-12-25,North,Smartwatch,Sneha Gupta,2,8049,16098
2025-12-26,East,Tablet,Ananya Iyer,1,18486,18486
2025-12-26,East,Smartphone,Priya Singh,1,22938,22938
2025-12-26,West,Headphones,Priya Singh,2,3598,7196
2025-12-26,North,Smartwatch,Amit Sharma,9,7684,69156
2025-12-26,North,Smartphone,Ananya Iyer,3,22502,67506
2025-12-27,West,Monitor,Priya Singh,3,12176,36528
2025-12-27,East,Smartphone,Priya Singh,4,21866,87464
2025-12-27,West,Laptop,Sneha Gupta,8,54127,433016
2025-12-27,South,Laptop,Vikram Rao,6,56183,337098
2025-12-27,West,Tablet,Sneha Gupta,3,18455,55365
2025-12-28,West,Smartphone,Rahul Verma,7,21809,152663
2025-12-28,West,Headphones,Ananya Iyer,1,3479,3479
2025-12-28,North,Monitor,Priya Singh,2,11805,23610
2025-12-28,West,Smartphone,Karan Mehta,1,21765,21765
2025-12-28,North,Monitor,Rahul Verma,10,11469,114690
2025-12-28,East,Headphones,Karan Mehta,9,3630,32670
2025-12-29,East,Laptop,Vikram Rao,9,55607,500463
2025-12-29,South,Monitor,Karan Mehta,8,12172,97376
2025-12-29,West,Monitor,Ananya Iyer,7,12330,86310
2025-12-29,East,Laptop,Amit Sharma,9,54089,486801
2025-12-30,East,Smartphone,Priya Singh,9,22113,199017
2025-12-30,East,Monitor,Rahul Verma,1,11433,11433
2025-12-30,East,Smartphone,Vikram Rao,7,23071,161497
2025-12-31,North,Tablet,Vikram Rao,9,17738,159642
2025-12-31,North,Monitor,Priya Singh,8,11757,94056
